<clinical_study>
  <!-- This xml conforms to an XML Schema at:
    https://clinicaltrials.gov/ct2/html/images/info/public.xsd -->
  <required_header>
    <download_date>ClinicalTrials.gov processed this data on April 27, 2021</download_date>
    <link_text>Link to the current ClinicalTrials.gov record.</link_text>
    <url>https://clinicaltrials.gov/show/NCT00000104</url>
  </required_header>
  <id_info>
    <org_study_id>NCRR-M01RR00400-0587</org_study_id>
    <secondary_id>M01RR000400</secondary_id>
    <nct_id>NCT00000104</nct_id>
  </id_info>
  <brief_title>Does Lead Burden Alter Neuropsychological Development?</brief_title>
  <sponsors>
    <lead_sponsor>
      <agency>National Center for Research Resources (NCRR)</agency>
      <agency_class>NIH</agency_class>
    </lead_sponsor>
    <collaborator>
      <agency>HRSA/Maternal and Child Health Bureau</agency>
      <agency_class>U.S. Fed</agency_class>
    </collaborator>
  </sponsors>
  <source>National Center for Research Resources (NCRR)</source>
  <brief_summary>
    <textblock>
      Inner city children are at an increased risk for lead overburden. This in turn affects&#xD;
      cognitive functioning. However, the underlying neuropsychological effects of lead overburden&#xD;
      and its age-specific effects have not been well delineated. This study is part of a larger&#xD;
      study on the effects of lead overburden on the development of attention and memory. The&#xD;
      larger study is using a multi-model approach to study the effects of lead overburden on these&#xD;
      effects including the event-related potential (ERP), electrophysiologic measures of attention&#xD;
      and memory are studied. Every eight months, for a total of three sessions the subjects will&#xD;
      complete ERP measures of attention and memory which require them to watch various computer&#xD;
      images while wearing scalp electrodes recording from 11 sites. It is this test that we are&#xD;
      going to be doing on CRC. There will be 30 lead overburdened children recruited from the&#xD;
      larger study for participation in the ERP studies on CRC. These 30 children will be matched&#xD;
      with 30 children without lead overburden. This portion of the study is important in providing&#xD;
      an index of physiological functioning to be used along with behaviorally based measures of&#xD;
      attention and memory, and for providing information about the different measures.&#xD;
    </textblock>
  </brief_summary>
  <overall_status>Completed</overall_status>
  <study_type>Observational</study_type>
  <has_expanded_access>No</has_expanded_access>
  <study_design_info>
    <observational_model>Defined Population</observational_model>
    <time_perspective>Other</time_perspective>
  </study_design_info>
  <condition>Lead Poisoning</condition>
  <intervention>
    <intervention_type>Procedure</intervention_type>
    <intervention_name>ERP measures of attention and memory</intervention_name>
  </intervention>
  <eligibility>
    <criteria>
      <textblock>
        Inclusion Criteria:&#xD;
&#xD;
          -  Pregnant mothers of the Phillips neighborhood in Minneapolis, Minnesota. Subject&#xD;
             recruitment will take place in local clinics which serve pregnant women and offspring&#xD;
      </textblock>
    </criteria>
    <gender>Female</gender>
    <minimum_age>N/A</minimum_age>
    <maximum_age>N/A</maximum_age>
    <healthy_volunteers>Accepts Healthy Volunteers</healthy_volunteers>
  </eligibility>
  <location>
    <facility>
      <name>Department of Neurology 420 Delaware St. SE, Box 486 Mayo</name>
      <address>
        <city>Minneapolis</city>
        <state>Minnesota</state>
        <zip>55455</zip>
        <country>United States</country>
      </address>
    </facility>
  </location>
  <location_countries>
    <country>United States</country>
  </location_countries>
  <verification_date>December 2003</verification_date>
  <study_first_submitted>November 3, 1999</study_first_submitted>
  <study_first_submitted_qc>November 3, 1999</study_first_submitted_qc>
  <study_first_posted type="Estimate">November 4, 1999</study_first_posted>
  <last_update_submitted>June 23, 2005</last_update_submitted>
  <last_update_submitted_qc>June 23, 2005</last_update_submitted_qc>
  <last_update_posted type="Estimate">June 24, 2005</last_update_posted>
  <keyword>lead overburden</keyword>
  <condition_browse>
    <!-- CAUTION:  The following MeSH terms are assigned with an imperfect algorithm            -->
    <mesh_term>Poisoning</mesh_term>
    <mesh_term>Lead Poisoning</mesh_term>
  </condition_browse>
  <!-- Results have not yet been posted for this study                                          -->
</clinical_study>

