<clinical_study>
  <!-- This xml conforms to an XML Schema at:
    https://clinicaltrials.gov/ct2/html/images/info/public.xsd -->
  <required_header>
    <download_date>ClinicalTrials.gov processed this data on April 27, 2021</download_date>
    <link_text>Link to the current ClinicalTrials.gov record.</link_text>
    <url>https://clinicaltrials.gov/show/NCT00000102</url>
  </required_header>
  <id_info>
    <org_study_id>NCRR-M01RR01070-0506</org_study_id>
    <secondary_id>M01RR001070</secondary_id>
    <nct_id>NCT00000102</nct_id>
  </id_info>
  <brief_title>Congenital Adrenal Hyperplasia: Calcium Channels as Therapeutic Targets</brief_title>
  <sponsors>
    <lead_sponsor>
      <agency>National Center for Research Resources (NCRR)</agency>
      <agency_class>NIH</agency_class>
    </lead_sponsor>
  </sponsors>
  <source>National Center for Research Resources (NCRR)</source>
  <brief_summary>
    <textblock>
      This study will test the ability of extended release nifedipine (Procardia XL), a blood&#xD;
      pressure medication, to permit a decrease in the dose of glucocorticoid medication children&#xD;
      take to treat congenital adrenal hyperplasia (CAH).&#xD;
    </textblock>
  </brief_summary>
  <detailed_description>
    <textblock>
      This protocol is designed to assess both acute and chronic effects of the calcium channel&#xD;
      antagonist, nifedipine, on the hypothalamic-pituitary-adrenal axis in patients with&#xD;
      congenital adrenal hyperplasia. The multicenter trial is composed of two phases and will&#xD;
      involve a double-blind, placebo-controlled parallel design. The goal of Phase I is to examine&#xD;
      the ability of nifedipine vs. placebo to decrease adrenocorticotropic hormone (ACTH) levels,&#xD;
      as well as to begin to assess the dose-dependency of nifedipine effects. The goal of Phase II&#xD;
      is to evaluate the long-term effects of nifedipine; that is, can attenuation of ACTH release&#xD;
      by nifedipine permit a decrease in the dosage of glucocorticoid needed to suppress the HPA&#xD;
      axis? Such a decrease would, in turn, reduce the deleterious effects of glucocorticoid&#xD;
      treatment in CAH.&#xD;
    </textblock>
  </detailed_description>
  <overall_status>Completed</overall_status>
  <phase>Phase 1/Phase 2</phase>
  <study_type>Interventional</study_type>
  <has_expanded_access>No</has_expanded_access>
  <study_design_info>
    <intervention_model>Parallel Assignment</intervention_model>
    <primary_purpose>Treatment</primary_purpose>
    <masking>Double</masking>
  </study_design_info>
  <condition>Congenital Adrenal Hyperplasia</condition>
  <intervention>
    <intervention_type>Drug</intervention_type>
    <intervention_name>Nifedipine</intervention_name>
  </intervention>
  <eligibility>
    <criteria>
      <textblock>
        Inclusion Criteria:&#xD;
&#xD;
          -  diagnosed with Congenital Adrenal Hyperplasia (CAH)&#xD;
&#xD;
          -  normal ECG during baseline evaluation&#xD;
&#xD;
        Exclusion Criteria:&#xD;
&#xD;
          -  history of liver disease, or elevated liver function tests&#xD;
&#xD;
          -  history of cardiovascular disease&#xD;
      </textblock>
    </criteria>
    <gender>All</gender>
    <minimum_age>14 Years</minimum_age>
    <maximum_age>35 Years</maximum_age>
    <healthy_volunteers>No</healthy_volunteers>
  </eligibility>
  <location>
    <facility>
      <name>Medical University of South Carolina</name>
      <address>
        <city>Charleston</city>
        <state>South Carolina</state>
        <country>United States</country>
      </address>
    </facility>
  </location>
  <location_countries>
    <country>United States</country>
  </location_countries>
  <verification_date>January 2004</verification_date>
  <study_first_submitted>November 3, 1999</study_first_submitted>
  <study_first_submitted_qc>November 3, 1999</study_first_submitted_qc>
  <study_first_posted type="Estimate">November 4, 1999</study_first_posted>
  <last_update_submitted>June 23, 2005</last_update_submitted>
  <last_update_submitted_qc>June 23, 2005</last_update_submitted_qc>
  <last_update_posted type="Estimate">June 24, 2005</last_update_posted>
  <condition_browse>
    <!-- CAUTION:  The following MeSH terms are assigned with an imperfect algorithm            -->
    <mesh_term>Adrenal Hyperplasia, Congenital</mesh_term>
    <mesh_term>Adrenogenital Syndrome</mesh_term>
    <mesh_term>Adrenocortical Hyperfunction</mesh_term>
    <mesh_term>Hyperplasia</mesh_term>
  </condition_browse>
  <intervention_browse>
    <!-- CAUTION:  The following MeSH terms are assigned with an imperfect algorithm            -->
    <mesh_term>Nifedipine</mesh_term>
  </intervention_browse>
  <!-- Results have not yet been posted for this study                                          -->
</clinical_study>

