<clinical_study>
  <!-- This xml conforms to an XML Schema at:
    https://clinicaltrials.gov/ct2/html/images/info/public.xsd -->
  <required_header>
    <download_date>ClinicalTrials.gov processed this data on April 27, 2021</download_date>
    <link_text>Link to the current ClinicalTrials.gov record.</link_text>
    <url>https://clinicaltrials.gov/show/NCT00000135</url>
  </required_header>
  <id_info>
    <org_study_id>NEI-34</org_study_id>
    <nct_id>NCT00000135</nct_id>
  </id_info>
  <brief_title>Studies of the Ocular Complications of AIDS (SOCA)--Monoclonal Antibody CMV Retinitis Trial (MACRT)</brief_title>
  <acronym>MACRT</acronym>
  <official_title>Monoclonal Antibody CMV Retinitis Trial (MACRT)</official_title>
  <sponsors>
    <lead_sponsor>
      <agency>Johns Hopkins Bloomberg School of Public Health</agency>
      <agency_class>Other</agency_class>
    </lead_sponsor>
  </sponsors>
  <source>Johns Hopkins Bloomberg School of Public Health</source>
  <oversight_info>
    <has_dmc>Yes</has_dmc>
  </oversight_info>
  <brief_summary>
    <textblock>
      To evaluate the efficacy and safety of a human anti-CMV monoclonal antibody, MSL-109, as&#xD;
      adjunct therapy for controlling CMV retinitis.&#xD;
    </textblock>
  </brief_summary>
  <detailed_description>
    <textblock>
      CMV retinitis is the most common intraocular infection in patients with AIDS and is estimated&#xD;
      to affect 35 to 40 percent of patients with AIDS. Untreated CMV retinitis is a progressive&#xD;
      disorder, the end result of which is total retinal destruction and blindness. As of September&#xD;
      1996, drugs approved by the United States Food and Drug Administration (FDA) for the&#xD;
      treatment of CMV retinitis were ganciclovir (Cytovene), foscarnet (Foscavir), and cidofovir&#xD;
      (Vistide). All systemically administered anti-CMV drugs are given in a similar fashion&#xD;
      consisting of initial 2-week high-dose treatment (induction) to control the infection&#xD;
      followed by long-term lower dose treatment (maintenance) to prevent relapse. Ganciclovir is&#xD;
      available in both intravenous and oral formulations, foscarnet only in an intravenous&#xD;
      formulation, and cidofovir is given by intermittent intravenous administration. A surgically&#xD;
      implanted intraocular sustained-release ganciclovir device (Vitrasert) is also approved by&#xD;
      the FDA for the treatment of CMV retinitis.&#xD;
&#xD;
      Despite the use of continuous maintenance therapy, given enough time, all patients with CMV&#xD;
      retinitis on systemically administered drugs relapse. Preliminary studies suggested that the&#xD;
      anti-CMV monoclonal antibody, MSL-109, when administered in conjunction with ganciclovir,&#xD;
      markedly prolonged the time to relapse. Therefore, a randomized controlled clinical trial&#xD;
      evaluating MSL-109 as adjunct therapy was conducted.&#xD;
&#xD;
      The MACRT was a randomized, placebo-controlled, multicenter clinical trial evaluating the&#xD;
      efficacy and safety of MSL-109 as adjunct therapy for the treatment of CMV retinitis.&#xD;
      Patients with CMV retinitis, both those newly diagnosed and those suffering a relapse with&#xD;
      active retinitis, were eligible. Primary therapy (e.g., ganciclovir, foscarnet, etc.) was&#xD;
      determined by the treating local physician. The patients enrolled in the trial were&#xD;
      randomized to either MSL-109 or placebo, administered as a rapid intravenous infusion every 2&#xD;
      weeks. Outcomes included survival, retinitis progression, change in amount of retinal area&#xD;
      involved by CMV, loss of visual function (acuity and field), and morbidity.&#xD;
    </textblock>
  </detailed_description>
  <overall_status>Completed</overall_status>
  <start_date>September 1995</start_date>
  <completion_date type="Actual">August 1996</completion_date>
  <primary_completion_date type="Actual">August 1996</primary_completion_date>
  <phase>Phase 2/Phase 3</phase>
  <study_type>Interventional</study_type>
  <has_expanded_access>No</has_expanded_access>
  <study_design_info>
    <allocation>Randomized</allocation>
    <intervention_model>Parallel Assignment</intervention_model>
    <primary_purpose>Treatment</primary_purpose>
    <masking>Double (Participant, Care Provider)</masking>
  </study_design_info>
  <primary_outcome>
    <measure>Mortality Rate</measure>
    <time_frame>All patients enrolled were followed for a 17 month period or until a common study closing date</time_frame>
    <description>to evaluate the efficacy of an intravenous human monoclonal antibody to cytomegalovirus (CMV), MSL-109, as adjuvant treatment for CMV retinitis. .</description>
  </primary_outcome>
  <number_of_arms>2</number_of_arms>
  <enrollment type="Actual">209</enrollment>
  <condition>HIV Infections</condition>
  <condition>Cytomegalovirus Retinitis</condition>
  <arm_group>
    <arm_group_label>MSL-109</arm_group_label>
    <arm_group_type>Experimental</arm_group_type>
    <description>The dose MSL-109 administered by intravenous infusion every 2 weeks 60 mg.</description>
  </arm_group>
  <arm_group>
    <arm_group_label>Placebo</arm_group_label>
    <arm_group_type>Placebo Comparator</arm_group_type>
    <description>Placebo administered intravenous infusion every 2 weeks 60 mg.</description>
  </arm_group>
  <intervention>
    <intervention_type>Drug</intervention_type>
    <intervention_name>MSL-109</intervention_name>
    <description>60 mg, IV (in vein) every two weeks, treatment continued until death or common closeout.</description>
    <arm_group_label>MSL-109</arm_group_label>
    <other_name>Monoclonal antibodies</other_name>
  </intervention>
  <intervention>
    <intervention_type>Other</intervention_type>
    <intervention_name>Placebo</intervention_name>
    <description>60 mg, IV (in vein) every two weeks, treatment continued until death or common closeout.</description>
    <arm_group_label>Placebo</arm_group_label>
  </intervention>
  <eligibility>
    <criteria>
      <textblock>
        Inclusion criteria:&#xD;
&#xD;
          -  13 years or older at entry&#xD;
&#xD;
          -  Diagnosis of AIDS according to the Centers for Disease Control and Prevention (CDC)&#xD;
             definition&#xD;
&#xD;
          -  Diagnosis of active CMV retinitis as determined by a SOCA-certified ophthalmologist at&#xD;
             time of enrollment&#xD;
&#xD;
          -  At least one lesion whose size is one-quarter or more optic disc area&#xD;
&#xD;
          -  Currently receiving (for relapsed patients) or scheduled to receive (for newly&#xD;
             diagnosed patients) drugs for primary treatment of CMV retinitis that are not&#xD;
             contraindicated for use with MSL-109&#xD;
&#xD;
          -  Visual acuity, in at least one eye that meets other eligibility criteria, of 3 or more&#xD;
             letters on ETDRS chart at 1 meter distance (Snellen equivalent 5/200). Patients with&#xD;
             poorer visual acuity may be enrolled if the visual acuity impairment is possibly&#xD;
             reversible (eg, due to optic disc edema) and vision is at least light perception in&#xD;
             that eye&#xD;
&#xD;
          -  Karnofsky score of 60 or more&#xD;
&#xD;
          -  Willingness and ability, with the assistance of a caregiver if necessary, to comply&#xD;
             with treatment and follow up procedures&#xD;
&#xD;
          -  signed consent statement&#xD;
&#xD;
        Exclusion criteria:&#xD;
&#xD;
          -  Current treatment with intravenous immune globulin (IVIG), CMV immune globulin&#xD;
             (CMVIG), alpha-interferon (alpha-IFN), gamma-interferon (gamma-IFN) or interleukin-2&#xD;
             (IL-2)&#xD;
&#xD;
          -  Media opacity that precludes visualization of the fundus in all eyes meeting&#xD;
             eligibility criteria&#xD;
&#xD;
          -  Active medical problems, including drug or alcohol abuse, that are considered&#xD;
             sufficient to hinder compliance with treatment or follow up procedures&#xD;
&#xD;
          -  Retinal detachment, not scheduled for surgical repair, in all eyes meeting other&#xD;
             eligibility criteria&#xD;
      </textblock>
    </criteria>
    <gender>All</gender>
    <minimum_age>13 Years</minimum_age>
    <maximum_age>N/A</maximum_age>
    <healthy_volunteers>No</healthy_volunteers>
  </eligibility>
  <results_reference>
    <citation>MSL-109 adjuvant therapy for cytomegalovirus retinitis in patients with acquired immunodeficiency syndrome: the Monoclonal Antibody Cytomegalovirus Retinitis Trial. The Studies of Ocular Complications of AIDS Research Group. AIDS Clinical Trials Group. Arch Ophthalmol. 1997 Dec;115(12):1528-36. Erratum in: Arch Ophthalmol 1998 Mar;116(3):296.</citation>
    <PMID>9400786</PMID>
  </results_reference>
  <results_reference>
    <citation>Jabs DA, Gilpin AM, Min YI, Erice A, Kempen JH, Quinn TC; Studies of Ocular Complications of AIDS Research Group. HIV and cytomegalovirus viral load and clinical outcomes in AIDS and cytomegalovirus retinitis patients: Monoclonal Antibody Cytomegalovirus Retinitis Trial. AIDS. 2002 Apr 12;16(6):877-87.</citation>
    <PMID>11919489</PMID>
  </results_reference>
  <results_reference>
    <citation>Davidson M, Min YI, Holbrook JT, Van Natta M, Quinn TC, Murphy RL, Welch W, Jabs DA, Meinert CL; Studies of Ocular Complications of AIDS Research Group. Influence of filgrastim (granulocyte colony-stimulating factor) on human immunodeficiency virus type 1 RNA in patients with cytomegalovirus retinitis. J Infect Dis. 2002 Oct 1;186(7):1013-8. Epub 2002 Aug 29.</citation>
    <PMID>12232843</PMID>
  </results_reference>
  <results_reference>
    <citation>Gilpin AM, Holbrook JT, Jabs DA, Meinert CL; Studies of Ocular Complications of AIDS Research Group. Data and safety monitoring board deliberations resulting in the early termination of the Monoclonal Antibody Cytomegalovirus Retinitis Trial. Control Clin Trials. 2003 Feb;24(1):92-8.</citation>
    <PMID>12559647</PMID>
  </results_reference>
  <verification_date>July 2015</verification_date>
  <study_first_submitted>September 23, 1999</study_first_submitted>
  <study_first_submitted_qc>September 23, 1999</study_first_submitted_qc>
  <study_first_posted type="Estimate">September 24, 1999</study_first_posted>
  <results_first_submitted>June 12, 2015</results_first_submitted>
  <results_first_submitted_qc>October 14, 2015</results_first_submitted_qc>
  <results_first_posted type="Estimate">November 17, 2015</results_first_posted>
  <last_update_submitted>October 14, 2015</last_update_submitted>
  <last_update_submitted_qc>October 14, 2015</last_update_submitted_qc>
  <last_update_posted type="Estimate">November 17, 2015</last_update_posted>
  <responsible_party>
    <responsible_party_type>Sponsor</responsible_party_type>
  </responsible_party>
  <condition_browse>
    <!-- CAUTION:  The following MeSH terms are assigned with an imperfect algorithm            -->
    <mesh_term>Cytomegalovirus Retinitis</mesh_term>
    <mesh_term>Retinitis</mesh_term>
  </condition_browse>
  <intervention_browse>
    <!-- CAUTION:  The following MeSH terms are assigned with an imperfect algorithm            -->
    <mesh_term>Antibodies, Monoclonal</mesh_term>
  </intervention_browse>

  <clinical_results>

    <participant_flow>
      <recruitment_details>Randomization was stratified on the basis of whether patients had untreated or relapsed retinitis. Primary drug therapy for CMV retinitis was determined by the treating physician.</recruitment_details>
      <pre_assignment_details>Two hundred and nine patients with acquired immunodeficiency syndrome and active CMV retinitis were enrolled in a multicenter, phase 2/3, randomized, placebo controlled clinical trial. Patients received adjuvant treatment with MSL-109, 60mg intravenously every 2 weeks, or placebo,.</pre_assignment_details>
      <group_list>
        <group group_id="P1">
          <title>MSL-109</title>
          <description>The dose MSL-109 administered by intravenous infusion every 2 weeks 60 mg.&#xD;
MSL-109: 60 mg, IV (in vein) every two weeks, treatment continued until death or common closeout.</description>
        </group>
        <group group_id="P2">
          <title>Placebo</title>
          <description>Placebo administered intravenous infusion every 2 weeks 60 mg.&#xD;
MSL-109: 60 mg, IV (in vein) every two weeks, treatment continued until death or common closeout.</description>
        </group>
      </group_list>
      <period_list>
        <period>
          <title>Overall Study</title>
          <milestone_list>
            <milestone>
              <title>STARTED</title>
              <participants_list>
                <participants group_id="P1" count="104"/>
                <participants group_id="P2" count="105"/>
              </participants_list>
            </milestone>
            <milestone>
              <title>COMPLETED</title>
              <participants_list>
                <participants group_id="P1" count="77"/>
                <participants group_id="P2" count="91"/>
              </participants_list>
            </milestone>
            <milestone>
              <title>NOT COMPLETED</title>
              <participants_list>
                <participants group_id="P1" count="27"/>
                <participants group_id="P2" count="14"/>
              </participants_list>
            </milestone>
          </milestone_list>
          <drop_withdraw_reason_list>
            <drop_withdraw_reason>
              <title>Death</title>
              <participants_list>
                <participants group_id="P1" count="27"/>
                <participants group_id="P2" count="14"/>
              </participants_list>
            </drop_withdraw_reason>
          </drop_withdraw_reason_list>
        </period>
      </period_list>
    </participant_flow>

    <baseline>
      <group_list>
        <group group_id="B1">
          <title>MSL-109</title>
          <description>The dose MSL-109 administered by intravenous infusion every 2 weeks 60 mg.&#xD;
MSL-109: 60 mg, IV (in vein) every two weeks, treatment continued until death or common closeout.</description>
        </group>
        <group group_id="B2">
          <title>Placebo</title>
          <description>Placebo administered intravenous infusion every 2 weeks 60 mg.&#xD;
MSL-109: 60 mg, IV (in vein) every two weeks, treatment continued until death or common closeout.</description>
        </group>
        <group group_id="B3">
          <title>Total</title>
          <description>Total of all reporting groups</description>
        </group>
      </group_list>
      <analyzed_list>
        <analyzed>
          <units>Participants</units>
          <scope>Overall</scope>
          <count_list>
            <count group_id="B1" value="104"/>
            <count group_id="B2" value="105"/>
            <count group_id="B3" value="209"/>
          </count_list>
        </analyzed>
      </analyzed_list>
      <measure_list>
        <measure>
          <title>Age</title>
          <units>Participants</units>
          <param>Count of Participants</param>
          <class_list>
            <class>
              <category_list>
                <category>
                  <title>&lt;=18 years</title>
                  <measurement_list>
                    <measurement group_id="B1" value="0"/>
                    <measurement group_id="B2" value="0"/>
                    <measurement group_id="B3" value="0"/>
                  </measurement_list>
                </category>
                <category>
                  <title>Between 18 and 65 years</title>
                  <measurement_list>
                    <measurement group_id="B1" value="104"/>
                    <measurement group_id="B2" value="105"/>
                    <measurement group_id="B3" value="209"/>
                  </measurement_list>
                </category>
                <category>
                  <title>&gt;=65 years</title>
                  <measurement_list>
                    <measurement group_id="B1" value="0"/>
                    <measurement group_id="B2" value="0"/>
                    <measurement group_id="B3" value="0"/>
                  </measurement_list>
                </category>
              </category_list>
            </class>
          </class_list>
        </measure>
        <measure>
          <title>Sex: Female, Male</title>
          <units>Participants</units>
          <param>Count of Participants</param>
          <class_list>
            <class>
              <category_list>
                <category>
                  <title>Female</title>
                  <measurement_list>
                    <measurement group_id="B1" value="11"/>
                    <measurement group_id="B2" value="11"/>
                    <measurement group_id="B3" value="22"/>
                  </measurement_list>
                </category>
                <category>
                  <title>Male</title>
                  <measurement_list>
                    <measurement group_id="B1" value="93"/>
                    <measurement group_id="B2" value="94"/>
                    <measurement group_id="B3" value="187"/>
                  </measurement_list>
                </category>
              </category_list>
            </class>
          </class_list>
        </measure>
        <measure>
          <title>Region of Enrollment</title>
          <units>participants</units>
          <param>Number</param>
          <class_list>
            <class>
              <title>United States</title>
              <category_list>
                <category>
                  <measurement_list>
                    <measurement group_id="B1" value="104"/>
                    <measurement group_id="B2" value="105"/>
                    <measurement group_id="B3" value="209"/>
                  </measurement_list>
                </category>
              </category_list>
            </class>
          </class_list>
        </measure>
      </measure_list>
    </baseline>

    <outcome_list>
      <outcome>
        <type>Primary</type>
        <title>Mortality Rate</title>
        <description>to evaluate the efficacy of an intravenous human monoclonal antibody to cytomegalovirus (CMV), MSL-109, as adjuvant treatment for CMV retinitis. .</description>
        <time_frame>All patients enrolled were followed for a 17 month period or until a common study closing date</time_frame>
        <group_list>
          <group group_id="O1">
            <title>MSL-109</title>
            <description>The dose MSL-109 administered by intravenous infusion every 2 weeks 60 mg.&#xD;
MSL-109: 60 mg, IV (in vein) every two weeks, treatment continued until death or common closeout.</description>
          </group>
          <group group_id="O2">
            <title>Placebo</title>
            <description>Placebo administered intravenous infusion every 2 weeks 60 mg.&#xD;
MSL-109: 60 mg, IV (in vein) every two weeks, treatment continued until death or common closeout.</description>
          </group>
        </group_list>
        <measure>
          <title>Mortality Rate</title>
          <description>to evaluate the efficacy of an intravenous human monoclonal antibody to cytomegalovirus (CMV), MSL-109, as adjuvant treatment for CMV retinitis. .</description>
          <units>deaths per person-year</units>
          <param>Number</param>
          <analyzed_list>
            <analyzed>
              <units>Participants</units>
              <scope>Measure</scope>
              <count_list>
                <count group_id="O1" value="104"/>
                <count group_id="O2" value="105"/>
              </count_list>
            </analyzed>
          </analyzed_list>
          <class_list>
            <class>
              <category_list>
                <category>
                  <measurement_list>
                    <measurement group_id="O1" value="0.68"/>
                    <measurement group_id="O2" value="0.31"/>
                  </measurement_list>
                </category>
              </category_list>
            </class>
          </class_list>
        </measure>
      </outcome>
    </outcome_list>

    <reported_events>
      <time_frame>11 months</time_frame>
      <group_list>
        <group group_id="E1">
          <title>MSL-109</title>
          <description>The dose MSL-109 administered by intravenous infusion every 2 weeks 60 mg.&#xD;
MSL-109: 60 mg, IV (in vein) every two weeks, treatment continued until death or common closeout.</description>
        </group>
        <group group_id="E2">
          <title>Placebo</title>
          <description>Placebo administered intravenous infusion every 2 weeks 60 mg.&#xD;
MSL-109: 60 mg, IV (in vein) every two weeks, treatment continued until death or common closeout.</description>
        </group>
      </group_list>
      <serious_events>
        <category_list>
          <category>
            <title>Total</title>
            <event_list>
              <event>
                <sub_title>Total, serious adverse events</sub_title>
                <counts group_id="E1" subjects_affected="0" subjects_at_risk="104"/>
                <counts group_id="E2" subjects_affected="0" subjects_at_risk="105"/>
              </event>
            </event_list>
          </category>
        </category_list>
      </serious_events>
      <other_events>
        <frequency_threshold>0</frequency_threshold>
        <category_list>
          <category>
            <title>Total</title>
            <event_list>
              <event>
                <sub_title>Total, other adverse events</sub_title>
                <counts group_id="E1" subjects_affected="0" subjects_at_risk="104"/>
                <counts group_id="E2" subjects_affected="0" subjects_at_risk="105"/>
              </event>
            </event_list>
          </category>
        </category_list>
      </other_events>
    </reported_events>

    <certain_agreements>
      <pi_employee>Principal Investigators are NOT employed by the organization sponsoring the study.</pi_employee>
    </certain_agreements>
    <point_of_contact>
      <name_or_title>Curtis Meinert, PhD</name_or_title>
      <organization>Johns Hopkins University</organization>
      <phone>410-955-8198</phone>
      <email>cmeinert@jhsph.edu</email>
    </point_of_contact>
  </clinical_results>
</clinical_study>

