<clinical_study>
  <!-- This xml conforms to an XML Schema at:
    https://clinicaltrials.gov/ct2/html/images/info/public.xsd -->
  <required_header>
    <download_date>ClinicalTrials.gov processed this data on April 27, 2021</download_date>
    <link_text>Link to the current ClinicalTrials.gov record.</link_text>
    <url>https://clinicaltrials.gov/show/NCT00000111</url>
  </required_header>
  <id_info>
    <org_study_id>NCRR-M01RR00042-1620</org_study_id>
    <secondary_id>M01RR000042</secondary_id>
    <nct_id>NCT00000111</nct_id>
  </id_info>
  <brief_title>Intraoral Grafting of Ex Vivo Produced Oral Mucosal Composites</brief_title>
  <sponsors>
    <lead_sponsor>
      <agency>National Center for Research Resources (NCRR)</agency>
      <agency_class>NIH</agency_class>
    </lead_sponsor>
  </sponsors>
  <source>National Center for Research Resources (NCRR)</source>
  <brief_summary>
    <textblock>
      The purpose of this study is to see if we can develop a good graft for oral mucosal tissue&#xD;
      that is like the top of the mouth in a &quot;test tube&quot; that could be used successfully in humans.&#xD;
      We have already done this successfully mice. The next step is to take a small piece of tissue&#xD;
      from a human volunteer and see if we can grow a larger piece of tissue from it outside the&#xD;
      human body and graft it back into the same person successfully. We expect that this technique&#xD;
      will work. It has already been tried in patients with burns of the skin who have had similar&#xD;
      procedures where the skin is grafted back to them. The significance of this research is that&#xD;
      oral tissue taken from the top of the mouth or palate is in limited supply and leaves the&#xD;
      patient with a painful and uncomfortable post surgery experience. If we are successful with&#xD;
      our technique the patient will experience less pain and discomfort from the site that we are&#xD;
      using to grow our tissue outside the body than if we had taken it from the top of the mouth&#xD;
      or palate. In addition, by waiting longer periods to grow the patient's cells we can make&#xD;
      larger pieces of oral tissue than we could have gotten directly from the patient's mouth.&#xD;
      Patients who will participate in this study will need to require a soft tissue graft from the&#xD;
      mouth to an area that needs additional attached or keratinized mucosa. This will most likely&#xD;
      be either in preparation for patients who have or will have dental implants placed. Another&#xD;
      subset of patients are those who need scar tissue released or the vestibule of their mouth&#xD;
      (area that turns from the gums to the lip) released.&#xD;
    </textblock>
  </brief_summary>
  <overall_status>Unknown status</overall_status>
  <last_known_status>Active, not recruiting</last_known_status>
  <phase>Phase 1</phase>
  <study_type>Interventional</study_type>
  <has_expanded_access>No</has_expanded_access>
  <study_design_info>
    <allocation>Randomized</allocation>
    <intervention_model>Parallel Assignment</intervention_model>
    <primary_purpose>Treatment</primary_purpose>
    <masking>None (Open Label)</masking>
  </study_design_info>
  <condition>Mouth Diseases</condition>
  <intervention>
    <intervention_type>Procedure</intervention_type>
    <intervention_name>Oral mucosal graft</intervention_name>
  </intervention>
  <eligibility>
    <criteria>
      <textblock>
        Inclusion Criteria:&#xD;
&#xD;
          -  Lack sufficient attached keratinized tissue at recipient surgical site in question&#xD;
      </textblock>
    </criteria>
    <gender>All</gender>
    <minimum_age>18 Years</minimum_age>
    <maximum_age>N/A</maximum_age>
    <healthy_volunteers>No</healthy_volunteers>
  </eligibility>
  <verification_date>September 2000</verification_date>
  <study_first_submitted>January 18, 2000</study_first_submitted>
  <study_first_submitted_qc>January 18, 2000</study_first_submitted_qc>
  <study_first_posted type="Estimate">January 19, 2000</study_first_posted>
  <last_update_submitted>June 23, 2005</last_update_submitted>
  <last_update_submitted_qc>June 23, 2005</last_update_submitted_qc>
  <last_update_posted type="Estimate">June 24, 2005</last_update_posted>
  <keyword>mouth mucosa</keyword>
  <keyword>transplants</keyword>
  <condition_browse>
    <!-- CAUTION:  The following MeSH terms are assigned with an imperfect algorithm            -->
    <mesh_term>Mouth Diseases</mesh_term>
  </condition_browse>
  <!-- Results have not yet been posted for this study                                          -->
</clinical_study>

