<clinical_study>
  <!-- This xml conforms to an XML Schema at:
    https://clinicaltrials.gov/ct2/html/images/info/public.xsd -->
  <required_header>
    <download_date>ClinicalTrials.gov processed this data on April 27, 2021</download_date>
    <link_text>Link to the current ClinicalTrials.gov record.</link_text>
    <url>https://clinicaltrials.gov/show/NCT00000127</url>
  </required_header>
  <id_info>
    <org_study_id>NEI-26</org_study_id>
    <nct_id>NCT00000127</nct_id>
  </id_info>
  <brief_title>Ischemic Optic Neuropathy Decompression Trial (IONDT)</brief_title>
  <sponsors>
    <lead_sponsor>
      <agency>National Eye Institute (NEI)</agency>
      <agency_class>NIH</agency_class>
    </lead_sponsor>
  </sponsors>
  <source>National Eye Institute (NEI)</source>
  <brief_summary>
    <textblock>
      To assess the safety and efficacy of optic nerve sheath decompression surgery for&#xD;
      non-arteritic ischemic optic neuropathy (NAION).&#xD;
    </textblock>
  </brief_summary>
  <detailed_description>
    <textblock>
      Non-arteritic ischemic optic neuropathy (NAION), the most common cause of acute optic nerve&#xD;
      disease in older persons, causes permanent and severe visual loss. Visual function can be&#xD;
      impaired through decreased central visual acuity or peripheral field loss, or both. NAION&#xD;
      strikes both eyes in up to 40 percent of affected patients. The incidence of NAION has been&#xD;
      estimated at 2.3 per 100,000 persons over the age of 50 years and 0.54 per 100,000 for all&#xD;
      ages. Estimates of the number of new cases seen each year in the United States range from a&#xD;
      low of approximately 1,500 to a high of 6,000.&#xD;
&#xD;
      NAION has been hypothesized to be caused by vascular insufficiency leading to optic nerve&#xD;
      head ischemia. There is general agreement that NAION results from transient non-perfusion of&#xD;
      nutrient vessels. The wide range of visual field defects and visual loss with NAION can be&#xD;
      explained by the extent and number of the blood vessels involved.&#xD;
&#xD;
      Anatomical factors appear to contribute to the vascular event initiating NAION. Clinically,&#xD;
      the number of discs congenitally lacking a physiological cup in eyes with NAION is higher&#xD;
      than expected. Presumably, in eyes with NAION, these discs have small scleral openings that&#xD;
      crowd the nerve fibers as they pass through the restricted space in the optic disc and lamina&#xD;
      cribrosa, thereby predisposing to an ischemic spiral.&#xD;
&#xD;
      One current theory holds that NAION begins as a minor ischemic event that later progresses to&#xD;
      a major infarction due to congenitally anomalous optic nerves. The inciting ischemic event&#xD;
      leads to local anterior nerve edema, and this causes further ischemia.&#xD;
&#xD;
      Optic nerve sheath decompression surgery was reported in 1989 to be of benefit to patients&#xD;
      with NAION. The presumed mechanism of action in optic nerve decompression surgery revolved&#xD;
      around restoration of impaired blood flow to the optic nerve through reduction of the&#xD;
      pressure around the nerve.&#xD;
&#xD;
      The Ischemic Optic Neuropathy Decompression Trial (IONDT) was a randomized clinical trial&#xD;
      designed to compare the improvements in visual acuity at 6 months in patients assigned to&#xD;
      receive surgery with optic nerve sheath decompression with those assigned to careful&#xD;
      followup. A cohort of patients, with a baseline visual acuity of better than 20/64 are also&#xD;
      being followed to better understand the natural history of the disease, including second eye&#xD;
      involvement.&#xD;
&#xD;
      Enrollment began in October 1992. Randomization was stratified by clinic, and patients had an&#xD;
      equal probability of assignment to surgery or careful followup. All patients are being&#xD;
      followed for a minimum of 2 years.&#xD;
&#xD;
      The primary outcome is a change of three lines or more in visual acuity at the 6-month&#xD;
      followup visit compared with visual acuity measured at the randomization visit.&#xD;
&#xD;
      Secondary outcomes include a change in visual acuity beyond 6 months, change in peripheral&#xD;
      visual function as measured by automated Humphrey perimetry, local and systemic side effects&#xD;
      from treatment, change in quality of life, and other associated morbidity and mortality.&#xD;
    </textblock>
  </detailed_description>
  <overall_status>Completed</overall_status>
  <start_date>October 1992</start_date>
  <completion_date type="Actual">October 1994</completion_date>
  <phase>Phase 3</phase>
  <study_type>Interventional</study_type>
  <has_expanded_access>No</has_expanded_access>
  <study_design_info>
    <allocation>Randomized</allocation>
    <primary_purpose>Treatment</primary_purpose>
  </study_design_info>
  <condition>Ischemic Optic Neuropathy</condition>
  <intervention>
    <intervention_type>Procedure</intervention_type>
    <intervention_name>Optic Nerve Sheath Decompression Surgery</intervention_name>
  </intervention>
  <eligibility>
    <criteria>
      <textblock>
        Men and women age 50 years or older, with acute NAION and visual symptoms for 14 days or&#xD;
        less since the onset of symptoms, and visual acuity worse than or equal to 20/64 were&#xD;
        eligible for randomization.&#xD;
      </textblock>
    </criteria>
    <gender>All</gender>
    <minimum_age>50 Years</minimum_age>
    <maximum_age>N/A</maximum_age>
    <healthy_volunteers>No</healthy_volunteers>
  </eligibility>
  <link>
    <url>http://www.nei.nih.gov/news/clinicalalerts/alert-iondt.asp</url>
    <description>Clinical Alert to Ophthalmologists and Neurologists</description>
  </link>
  <link>
    <url>http://www.nei.nih.gov/news/pressreleases/iondtpressrelease.asp</url>
    <description>NEI Press Release-Eye Surgery Found Ineffective and May be Harmful -- Study Halted</description>
  </link>
  <reference>
    <citation>The ischemic optic neuropathy decompression trial (IONDT): design and methods. Control Clin Trials. 1998 Jun;19(3):276-96.</citation>
    <PMID>9620811</PMID>
  </reference>
  <reference>
    <citation>Characteristics of patients with nonarteritic anterior ischemic optic neuropathy eligible for the Ischemic Optic Neuropathy Decompression Trial. Arch Ophthalmol. 1996 Nov;114(11):1366-74.</citation>
    <PMID>8906027</PMID>
  </reference>
  <reference>
    <citation>Scherer RW; Crawley B; Abstracts for the Ischemic Optic Neuropathy Study Group; Responses to ethical and other questions on a knowledge assessment form for a multicenter trial. [Abstract]., Controlled Clinical Trials 1993;14:442S</citation>
  </reference>
  <reference>
    <citation>Crawley B; Scherer RW; Ischemic Optic Neuropathy Decompression Trial (IONDT): Participation in the IONDT. Race, gender and age. [Abstract]., Controlled Clinical Trials 1994;15:102S</citation>
  </reference>
  <reference>
    <citation>Crawley B; Waring MT; Scherer RW; Coordinating Center for the Ischemic Optic Neuropathy Decompression Trial (IONDT): IONDT tracking system: Where is form 2034 for patient ICMORE and who is responsible? [Abstract]., Controlled Clinical Trials 1994;15:93S</citation>
  </reference>
  <reference>
    <citation>Optic nerve decompression surgery for nonarteritic anterior ischemic optic neuropathy (NAION) is not effective and may be harmful. The Ischemic Optic Neuropathy Decompression Trial Research Group. JAMA. 1995 Feb 22;273(8):625-32.</citation>
    <PMID>7844872</PMID>
  </reference>
  <reference>
    <citation>Kaufman D; Ischemic Optic Neuropathy Decompression Trial Study Group; Optic nerve decompression surgery for nonarteritic ischemic optic neuropathy (NAION is not effective and could be harmful: Results of the Ischemic Optic Neuropathy Decompression Trial (IONDT). [Abstract]., Invest Ophthalmol Vis Sci 1995;36:S196</citation>
  </reference>
  <verification_date>September 2009</verification_date>
  <study_first_submitted>September 23, 1999</study_first_submitted>
  <study_first_submitted_qc>September 23, 1999</study_first_submitted_qc>
  <study_first_posted type="Estimate">September 24, 1999</study_first_posted>
  <last_update_submitted>March 23, 2010</last_update_submitted>
  <last_update_submitted_qc>March 23, 2010</last_update_submitted_qc>
  <last_update_posted type="Estimate">March 24, 2010</last_update_posted>
  <keyword>Non-arteritic Ischemic Optic Neuropathy</keyword>
  <condition_browse>
    <!-- CAUTION:  The following MeSH terms are assigned with an imperfect algorithm            -->
    <mesh_term>Optic Nerve Diseases</mesh_term>
    <mesh_term>Optic Neuropathy, Ischemic</mesh_term>
    <mesh_term>Ischemia</mesh_term>
  </condition_browse>
  <!-- Results have not yet been posted for this study                                          -->
</clinical_study>

