<clinical_study>
  <!-- This xml conforms to an XML Schema at:
    https://clinicaltrials.gov/ct2/html/images/info/public.xsd -->
  <required_header>
    <download_date>ClinicalTrials.gov processed this data on April 27, 2021</download_date>
    <link_text>Link to the current ClinicalTrials.gov record.</link_text>
    <url>https://clinicaltrials.gov/show/NCT00000105</url>
  </required_header>
  <id_info>
    <org_study_id>2002LS032</org_study_id>
    <secondary_id>MT1999-06</secondary_id>
    <nct_id>NCT00000105</nct_id>
  </id_info>
  <brief_title>Vaccination With Tetanus and KLH to Assess Immune Responses.</brief_title>
  <official_title>Vaccination With Tetanus Toxoid and Keyhole Limpet Hemocyanin (KLH) to Assess Antigen-Specific Immune Responses</official_title>
  <sponsors>
    <lead_sponsor>
      <agency>Masonic Cancer Center, University of Minnesota</agency>
      <agency_class>Other</agency_class>
    </lead_sponsor>
  </sponsors>
  <source>Masonic Cancer Center, University of Minnesota</source>
  <oversight_info>
    <has_dmc>Yes</has_dmc>
  </oversight_info>
  <brief_summary>
    <textblock>
      The purpose of this study is to learn how the immune system works in response to vaccines. We&#xD;
      will give the vaccines to subjects who have cancer but have not had treatment, and to&#xD;
      patients who have had chemotherapy or stem cell transplant. Some patients will get vaccines&#xD;
      while they are on treatments which boost the immune system (like the immune stimulating drug&#xD;
      interleukin-2 or IL-2). Although we have safely treated many patients with immune boosting&#xD;
      drugs, we do not yet know if they improve the body's immune system to respond better to a&#xD;
      vaccine. Some healthy volunteers will also be given the vaccines in order to serve as control&#xD;
      subjects to get a good measure of the normal immune response. We will compare the patients&#xD;
      and the healthy volunteers to study how their immune systems respond to the vaccines.&#xD;
&#xD;
      There are several different types of white cells in the blood. We are interested in immune&#xD;
      cells in the blood called T-cells. These T-cells detect foreign substances in the body (like&#xD;
      viruses and cancer cells). We are trying to learn more about how the body fights these&#xD;
      foreign substances. Our goal is to develop cancer vaccines which would teach T-cells to&#xD;
      detect and kill cancer cells better. We know that in healthy people the immune system&#xD;
      effectively protects against recurrent virus infection. For example, that is why people only&#xD;
      get &quot;mono&quot; (mononucleosis) once under normal circumstances. When the body is infected with&#xD;
      the &quot;mono&quot; virus, the immune system remembers and prevents further infection. We are trying&#xD;
      to use the immune system to prevent cancer relapse. To test this, we will give two vaccines&#xD;
      which have been used to measure these immune responses. Blood samples will be studied from&#xD;
      cancer patients and will be compared to similar samples from normal subjects.&#xD;
    </textblock>
  </brief_summary>
  <detailed_description>
    <textblock>
      Patients will receive each vaccine once only consisting of:&#xD;
&#xD;
      Arm A: Intracel KLH 1000 mcg (1 mg) without adjuvant, subcutaneous Tetanus Toxoid 0.5 ml&#xD;
      intramuscularly (this arm closed 1/2/02).&#xD;
&#xD;
      Arm B: Biosyn KLH 1000 mcg (1 mg) without adjuvant, subcutaneous tetanus toxoid 0.5 ml&#xD;
      intramuscularly (this arm closed 3/18/03).&#xD;
&#xD;
      Arm C: Biosyn KLH 1000 mcg (1 mg) with Montanide ISA51 (now replaced with vegetable (VG)&#xD;
      source after 8/31/06 to increase product safety) subcutaneous Tetanus toxoid 0.5 ml&#xD;
      intramuscularly (this arm open 3/18/03).&#xD;
&#xD;
      Subjects ineligible for tetanus may still receive KLH on this protocol. This is especially&#xD;
      true given the national shortage of tetanus vaccines. Subjects will be eligible for tetanus&#xD;
      when it becomes available if there has been no significant change in treatment interventions&#xD;
      or overall health status and it is within 3 months of the KLH vaccine.&#xD;
    </textblock>
  </detailed_description>
  <overall_status>Terminated</overall_status>
  <why_stopped>
    Replaced by another study.&#xD;
  </why_stopped>
  <start_date>July 2002</start_date>
  <completion_date type="Actual">March 2012</completion_date>
  <primary_completion_date type="Actual">March 2012</primary_completion_date>
  <study_type>Observational</study_type>
  <has_expanded_access>No</has_expanded_access>
  <study_design_info>
    <observational_model>Case-Control</observational_model>
    <time_perspective>Prospective</time_perspective>
  </study_design_info>
  <primary_outcome>
    <measure>To assess whether patients can mediate an appropriate immune response KLH</measure>
    <time_frame>Week 4 post vaccination</time_frame>
  </primary_outcome>
  <secondary_outcome>
    <measure>Tetanus Response</measure>
    <time_frame>Throughout study</time_frame>
  </secondary_outcome>
  <number_of_groups>3</number_of_groups>
  <enrollment type="Actual">112</enrollment>
  <condition>Cancer</condition>
  <arm_group>
    <arm_group_label>Arm A: Intracel KLH</arm_group_label>
    <description>Intracel KLH 1000 mcg (1 mg) without adjuvant, subcutaneous Tetanus Toxoid 0.5 ml intramuscularly (this arm closed 1/2/02).</description>
  </arm_group>
  <arm_group>
    <arm_group_label>Arm B: Biosyn KLH</arm_group_label>
    <description>Biosyn KLH 1000 mcg (1 mg) without adjuvant, subcutaneous tetanus toxoid 0.5 ml intramuscularly (this arm closed 3/18/03).</description>
  </arm_group>
  <arm_group>
    <arm_group_label>Arm C: Biosyn KLH with Montanide ISA51</arm_group_label>
    <description>Biosyn KLH 1000 mcg (1 mg) with Montanide ISA51 (replaced with vegetable (VG) source after 8/31/06) and subcutaneous Tetanus toxoid 0.5 ml intramuscularly.</description>
  </arm_group>
  <intervention>
    <intervention_type>Biological</intervention_type>
    <intervention_name>Intracel KLH Vaccine</intervention_name>
    <description>Intracel KLH 1000 mcg (1 mg) without adjuvant, subcutaneous Tetanus Toxoid 0.5 ml intramuscularly.</description>
    <arm_group_label>Arm A: Intracel KLH</arm_group_label>
    <other_name>KLH BCI-ImmuneActivator(TM)</other_name>
    <other_name>IntraCel</other_name>
  </intervention>
  <intervention>
    <intervention_type>Biological</intervention_type>
    <intervention_name>Biosyn KLH</intervention_name>
    <description>Biosyn KLH 1000 mcg (1 mg) without adjuvant, subcutaneous tetanus toxoid 0.5 ml intramuscularly.</description>
    <arm_group_label>Arm B: Biosyn KLH</arm_group_label>
    <arm_group_label>Arm C: Biosyn KLH with Montanide ISA51</arm_group_label>
    <other_name>Immunocyanin</other_name>
    <other_name>IMMUCOTHEL®</other_name>
    <other_name>VACMUNE®</other_name>
  </intervention>
  <intervention>
    <intervention_type>Drug</intervention_type>
    <intervention_name>Montanide ISA51</intervention_name>
    <description>Emulsify the KLH with Montanide ISA-51. The KLH 1 mg vial will be reconstituted in 0.5 mL sterile water. Once solubilized, add 0.6 mL of Montanide ISA to the vial and administered contents subcutaneously.</description>
    <arm_group_label>Arm C: Biosyn KLH with Montanide ISA51</arm_group_label>
    <other_name>Montanide ISA 51 VG</other_name>
  </intervention>
  <intervention>
    <intervention_type>Biological</intervention_type>
    <intervention_name>Tetanus toxoid</intervention_name>
    <description>Tetanus Toxoid Adsorbed, Aluminum Phosphate Adsorbed, PUROGENATED® (TT), is a sterile preparation of refined tetanus toxoid for intramuscular use only.</description>
    <arm_group_label>Arm A: Intracel KLH</arm_group_label>
    <arm_group_label>Arm B: Biosyn KLH</arm_group_label>
    <arm_group_label>Arm C: Biosyn KLH with Montanide ISA51</arm_group_label>
    <other_name>PUROGENATED®</other_name>
  </intervention>
  <biospec_retention>Samples With DNA</biospec_retention>
  <biospec_descr>
    <textblock>
      analysis of blood samples before and 4 weeks postvaccination&#xD;
    </textblock>
  </biospec_descr>
  <eligibility>
    <study_pop>
      <textblock>
        -  Normal volunteers&#xD;
&#xD;
          -  Patients with Cancer (breast, melanoma, hematologic)&#xD;
&#xD;
          -  Transplant patients (umbilical cord blood transplant, autologous transplant)&#xD;
&#xD;
          -  Patients receiving other cancer vaccines&#xD;
      </textblock>
    </study_pop>
    <sampling_method>Probability Sample</sampling_method>
    <criteria>
      <textblock>
        Inclusion Criteria:&#xD;
&#xD;
          -  Patients must have a diagnosis of cancer of any histologic type.&#xD;
&#xD;
          -  Patients must have a Karnofsky performance status great or equal to 70%.&#xD;
&#xD;
          -  Patients must have an expected survival for at least four months.&#xD;
&#xD;
          -  Normal healthy volunteers to serve as control for this study.&#xD;
&#xD;
          -  All patients must sign informed consent approved by the Committee on the Use of Human&#xD;
             Subjects at the University of Minnesota&#xD;
&#xD;
        Exclusion Criteria:&#xD;
&#xD;
          -  Pregnant or lactating women. Females of child-bearing potential will be asked to take&#xD;
             a pregnancy test before receiving vaccines.&#xD;
&#xD;
          -  Serious intercurrent medical illnesses which would interfere with the ability of the&#xD;
             patient to carry out the follow-up monitoring program.&#xD;
&#xD;
          -  Immunization should not be administered during the course of any febrile illness or&#xD;
             acute infection.&#xD;
&#xD;
          -  Hypersensitivity to any component of the vaccine, including Thimerosal, a mercury&#xD;
             derivative.&#xD;
&#xD;
          -  The occurrence of any type of neurologic symptoms to tetanus vaccine in th past.&#xD;
&#xD;
          -  Patients with a history of seafood allergy are excluded from receiving KLH.&#xD;
&#xD;
          -  Subjects who have had tetanus toxoid within the last 7 years are not eligible for&#xD;
             tetanus vaccine component of this protocol.&#xD;
      </textblock>
    </criteria>
    <gender>All</gender>
    <minimum_age>18 Years</minimum_age>
    <maximum_age>N/A</maximum_age>
    <healthy_volunteers>Accepts Healthy Volunteers</healthy_volunteers>
  </eligibility>
  <overall_official>
    <last_name>Jeffrey Miller, MD</last_name>
    <role>Principal Investigator</role>
    <affiliation>Masonic Cancer Center, University of Minnesota</affiliation>
  </overall_official>
  <location>
    <facility>
      <name>Division of Hematology, Oncology, and Transplantation 420 Delaware St., SE, Box 806 Mayo</name>
      <address>
        <city>Minneapolis</city>
        <state>Minnesota</state>
        <zip>55455</zip>
        <country>United States</country>
      </address>
    </facility>
  </location>
  <location_countries>
    <country>United States</country>
  </location_countries>
  <verification_date>November 2017</verification_date>
  <study_first_submitted>November 3, 1999</study_first_submitted>
  <study_first_submitted_qc>November 3, 1999</study_first_submitted_qc>
  <study_first_posted type="Estimate">November 4, 1999</study_first_posted>
  <last_update_submitted>November 27, 2017</last_update_submitted>
  <last_update_submitted_qc>November 27, 2017</last_update_submitted_qc>
  <last_update_posted type="Actual">November 29, 2017</last_update_posted>
  <responsible_party>
    <responsible_party_type>Sponsor</responsible_party_type>
  </responsible_party>
  <condition_browse>
    <!-- CAUTION:  The following MeSH terms are assigned with an imperfect algorithm            -->
    <mesh_term>Tetanus</mesh_term>
  </condition_browse>
  <intervention_browse>
    <!-- CAUTION:  The following MeSH terms are assigned with an imperfect algorithm            -->
    <mesh_term>Freund's Adjuvant</mesh_term>
    <mesh_term>Keyhole-limpet hemocyanin</mesh_term>
  </intervention_browse>
  <!-- Results have not yet been posted for this study                                          -->
</clinical_study>

