<clinical_study>
  <!-- This xml conforms to an XML Schema at:
    https://clinicaltrials.gov/ct2/html/images/info/public.xsd -->
  <required_header>
    <download_date>ClinicalTrials.gov processed this data on April 27, 2021</download_date>
    <link_text>Link to the current ClinicalTrials.gov record.</link_text>
    <url>https://clinicaltrials.gov/show/NCT00000130</url>
  </required_header>
  <id_info>
    <org_study_id>NEI-29</org_study_id>
    <nct_id>NCT00000130</nct_id>
  </id_info>
  <brief_title>Endophthalmitis Vitrectomy Study (EVS)</brief_title>
  <sponsors>
    <lead_sponsor>
      <agency>National Eye Institute (NEI)</agency>
      <agency_class>NIH</agency_class>
    </lead_sponsor>
  </sponsors>
  <source>National Eye Institute (NEI)</source>
  <brief_summary>
    <textblock>
      To determine the role of initial pars plana vitrectomy in the management of postoperative&#xD;
      bacterial endophthalmitis.&#xD;
&#xD;
      To determine the role of intravenous antibiotics in the management of bacterial&#xD;
      endophthalmitis.&#xD;
&#xD;
      To determine which factors, other than treatment, predict outcome in postoperative bacterial&#xD;
      endophthalmitis.&#xD;
    </textblock>
  </brief_summary>
  <detailed_description>
    <textblock>
      Endophthalmitis is a serious ocular infection that can result in blindness. Approximately 70&#xD;
      percent of cases occur as a direct complication of intraocular surgery. Current management&#xD;
      requires culture of intraocular contents and administration of an antibiotic. Vitrectomy&#xD;
      surgery, which may help to manage endophthalmitis by removing infecting organisms and their&#xD;
      toxins, has been shown to be of value in various animal models of endophthalmitis. However,&#xD;
      human studies have not shown an advantage to vitrectomy with intraocular antibiotics compared&#xD;
      with intraocular antibiotics alone.&#xD;
&#xD;
      In all large comparison studies to date, eyes with the worst initial presentations were the&#xD;
      ones selected for vitrectomy. Because of the selection bias involved in determining which&#xD;
      cases received vitrectomy, existing clinical information on the efficacy of the procedure for&#xD;
      treating endophthalmitis is inconclusive. Determining the role of initial vitrectomy and the&#xD;
      benefit or lack of benefit to certain subgroups of patients will help the clinician in the&#xD;
      management of endophthalmitis.&#xD;
&#xD;
      In addition, although systemic antibiotics have long been used in the management of&#xD;
      endophthalmitis, there has been little evidence to support their efficacy, but there have&#xD;
      been many reports of toxic systemic effects. In view of this, the role of systemic&#xD;
      antibiotics in the management of endophthalmitis will be assessed.&#xD;
&#xD;
      Endophthalmitis Vitrectomy Study (EVS) patients were randomized to one of two standard&#xD;
      treatment strategies for the management of bacterial endophthalmitis. Eyes received either&#xD;
      (1) initial pars plana vitrectomy with intravitreal antibiotics, followed by retap and&#xD;
      reinjection at 36-60 hours for eyes that did poorly as defined in the study or (2) initial&#xD;
      anterior chamber and vitreous tap/biopsy with injection of intravitreal antibiotics, followed&#xD;
      by vitrectomy and reinjection at 36-60 hours in eyes doing poorly. In addition, all eyes were&#xD;
      randomized to either treatment or no treatment with intravenous antibiotics.&#xD;
&#xD;
      Study end points were visual acuity and clarity of ocular media, the latter assessed both&#xD;
      clinically and photographically. Each patient's initial end point assessment occurred at 3&#xD;
      months, after which procedures to improve vision, such as late vitrectomy for nonclearing&#xD;
      ocular media, were an option. The final outcome assessment occurred at 9 months. Multiple&#xD;
      centers cooperated by enrolling 420 eyes during the 42-month recruitment period.&#xD;
    </textblock>
  </detailed_description>
  <overall_status>Completed</overall_status>
  <start_date>February 1990</start_date>
  <completion_date type="Actual">January 1995</completion_date>
  <phase>Phase 3</phase>
  <study_type>Interventional</study_type>
  <has_expanded_access>No</has_expanded_access>
  <study_design_info>
    <allocation>Randomized</allocation>
    <primary_purpose>Treatment</primary_purpose>
  </study_design_info>
  <condition>Endophthalmitis</condition>
  <condition>Eye Infections</condition>
  <intervention>
    <intervention_type>Drug</intervention_type>
    <intervention_name>Intravitreal Antibiotics</intervention_name>
  </intervention>
  <intervention>
    <intervention_type>Procedure</intervention_type>
    <intervention_name>Initial Pars Plana Vitrectomy</intervention_name>
  </intervention>
  <eligibility>
    <criteria>
      <textblock>
        Men and women were eligible for entry into the EVS if they had clinical signs and symptoms&#xD;
        of bacterial endophthalmitis in an eye that had cataract surgery or lens implantation&#xD;
        within 6 weeks of onset of infection. The involved eye had to have either hypopyon or&#xD;
        enough clouding of anterior chamber or vitreous media to obscure clear visualization of&#xD;
        second-order arterioles, a cornea and anterior chamber in the involved eye clear enough to&#xD;
        visualize some part of the iris, and a cornea clear enough to allow the possibility of pars&#xD;
        plana vitrectomy. The eyes had to have a visual acuity of 20/50 or worse and light&#xD;
        perception or better.&#xD;
&#xD;
        Patients were ineligible when the involved eye was known at the time of study entry to have&#xD;
        had any pre-existing eye disease that limited best-corrected visual acuity to 20/100 or&#xD;
        worse before development of cataract, any intraocular surgery before presentation (except&#xD;
        for cataract extraction or lens implantation), any treatment for endophthalmitis before&#xD;
        presenting at the study center, or any ocular or systemic condition that would prevent&#xD;
        randomization to any of the study groups.&#xD;
      </textblock>
    </criteria>
    <gender>All</gender>
    <minimum_age>N/A</minimum_age>
    <maximum_age>N/A</maximum_age>
    <healthy_volunteers>No</healthy_volunteers>
  </eligibility>
  <link>
    <url>http://www.nei.nih.gov/news/clinicalalerts/alert-evs.asp</url>
    <description>Clinical Alert to Ophthalmologists</description>
  </link>
  <link>
    <url>http://www.nei.nih.gov/news/pressreleases/evspressrelease.asp</url>
    <description>NEI Press Release-New Treatment Options for People With Blinding Eye Infection</description>
  </link>
  <reference>
    <citation>Barza M, Pavan PR, Doft BH, Wisniewski SR, Wilson LA, Han DP, Kelsey SF. Evaluation of microbiological diagnostic techniques in postoperative endophthalmitis in the Endophthalmitis Vitrectomy Study. Arch Ophthalmol. 1997 Sep;115(9):1142-50.</citation>
    <PMID>9298055</PMID>
  </reference>
  <reference>
    <citation>Doft BH; The Endophthalmitis Vitrectomy Study. Clinical Trials in Ophthalmology. A Summary and Practice Guide, Book Chapter published by Williams &amp; Wilkins 1998:97-111</citation>
  </reference>
  <reference>
    <citation>Johnson MW, Doft BH, Kelsey SF, Barza M, Wilson LA, Barr CC, Wisniewski SR. The Endophthalmitis Vitrectomy Study. Relationship between clinical presentation and microbiologic spectrum. Ophthalmology. 1997 Feb;104(2):261-72.</citation>
    <PMID>9052630</PMID>
  </reference>
  <reference>
    <citation>Doft BH, Kelsey SF, Wisniewski S, Metz DJ, Lobes L, Rinkoff J, Davis M, Kassoff A. Treatment of endophthalmitis after cataract extraction. Retina. 1994;14(4):297-304. Erratum in: Retina 1995;15(1):74.</citation>
    <PMID>7817022</PMID>
  </reference>
  <reference>
    <citation>Results of the Endophthalmitis Vitrectomy Study. A randomized trial of immediate vitrectomy and of intravenous antibiotics for the treatment of postoperative bacterial endophthalmitis. Endophthalmitis Vitrectomy Study Group. Arch Ophthalmol. 1995 Dec;113(12):1479-96.</citation>
    <PMID>7487614</PMID>
  </reference>
  <reference>
    <citation>Doft BH, Barza M. Optimal management of postoperative endophthalmitis and results of the Endophthalmitis Vitrectomy Study. Curr Opin Ophthalmol. 1996 Jun;7(3):84-94.</citation>
    <PMID>10163467</PMID>
  </reference>
  <reference>
    <citation>Microbiologic factors and visual outcome in the endophthalmitis vitrectomy study. Am J Ophthalmol. 1996 Dec;122(6):830-46.</citation>
    <PMID>8956638</PMID>
  </reference>
  <reference>
    <citation>Han DP, Wisniewski SR, Wilson LA, Barza M, Vine AK, Doft BH, Kelsey SF. Spectrum and susceptibilities of microbiologic isolates in the Endophthalmitis Vitrectomy Study. Am J Ophthalmol. 1996 Jul;122(1):1-17. Erratum in: Am J Ophthalmol 1996 Dec;122(6):920.</citation>
    <PMID>8659579</PMID>
  </reference>
  <reference>
    <citation>Bannerman TL, Rhoden DL, McAllister SK, Miller JM, Wilson LA. The source of coagulase-negative staphylococci in the Endophthalmitis Vitrectomy Study. A comparison of eyelid and intraocular isolates using pulsed-field gel electrophoresis. Arch Ophthalmol. 1997 Mar;115(3):357-61.</citation>
    <PMID>9076208</PMID>
  </reference>
  <reference>
    <citation>Doft BH; Managing infectious endophthalmitis: Results of the EVS., American Academy of Ophthalmology, Focal Points, 1997;XV No. 3</citation>
  </reference>
  <reference>
    <citation>Wisniewski SR, Hammer ME, Grizzard WS, Kelsey SF, Everett D, Packo KH, Yarian DL, Doft BH. An investigation of the hospital charges related to the treatment of endophthalmitis in the Endophthalmitis Vitrectomy Study. Ophthalmology. 1997 May;104(5):739-45.</citation>
    <PMID>9160017</PMID>
  </reference>
  <verification_date>September 2009</verification_date>
  <study_first_submitted>September 23, 1999</study_first_submitted>
  <study_first_submitted_qc>September 23, 1999</study_first_submitted_qc>
  <study_first_posted type="Estimate">September 24, 1999</study_first_posted>
  <last_update_submitted>September 16, 2009</last_update_submitted>
  <last_update_submitted_qc>September 16, 2009</last_update_submitted_qc>
  <last_update_posted type="Estimate">September 17, 2009</last_update_posted>
  <keyword>Bacterial Endophthalmitis</keyword>
  <condition_browse>
    <!-- CAUTION:  The following MeSH terms are assigned with an imperfect algorithm            -->
    <mesh_term>Endophthalmitis</mesh_term>
    <mesh_term>Eye Infections</mesh_term>
  </condition_browse>
  <intervention_browse>
    <!-- CAUTION:  The following MeSH terms are assigned with an imperfect algorithm            -->
    <mesh_term>Anti-Bacterial Agents</mesh_term>
  </intervention_browse>
  <!-- Results have not yet been posted for this study                                          -->
</clinical_study>

