<clinical_study>
  <!-- This xml conforms to an XML Schema at:
    https://clinicaltrials.gov/ct2/html/images/info/public.xsd -->
  <required_header>
    <download_date>ClinicalTrials.gov processed this data on April 27, 2021</download_date>
    <link_text>Link to the current ClinicalTrials.gov record.</link_text>
    <url>https://clinicaltrials.gov/show/NCT00000150</url>
  </required_header>
  <id_info>
    <org_study_id>NEI-52</org_study_id>
    <nct_id>NCT00000150</nct_id>
  </id_info>
  <brief_title>Submacular Surgery Trials (SST)</brief_title>
  <official_title>Submacular Surgery Trials (SST)</official_title>
  <sponsors>
    <lead_sponsor>
      <agency>National Eye Institute (NEI)</agency>
      <agency_class>NIH</agency_class>
    </lead_sponsor>
  </sponsors>
  <source>National Eye Institute (NEI)</source>
  <brief_summary>
    <textblock>
      To determine whether surgical removal of subfoveal choroidal neovascularization (CNV) and&#xD;
      associated hemorrhage in patients with age-related macular degeneration (AMD), the ocular&#xD;
      histoplasmosis syndrome (OHS), or idiopathic CNV stabilizes or improves vision more often&#xD;
      than observation.&#xD;
&#xD;
      To determine how surgical removal compared to observation of subfoveal CNV due to AMD, OHS,&#xD;
      or idiopathic causes changes the patient's perception of health- and vision-related &quot;quality&#xD;
      of life,&quot; as measured by telephone interview using the Medical Outcomes Survey Short Form-36&#xD;
      (MOS SF-36) instrument, the Hospital Anxiety and Depression Scale, and the National Eye&#xD;
      Institute Visual Function Questionnaire (NEI VFQ-25).&#xD;
&#xD;
      To determine whether randomized trials of surgery are warranted for patients with subfoveal&#xD;
      CNV associated with age-related macular degeneration not suitable for laser treatment.&#xD;
    </textblock>
  </brief_summary>
  <detailed_description>
    <textblock>
      Age-related macular degeneration (AMD) with CNV is the most common cause of irreversible&#xD;
      severe loss of vision in older adults. The Macular Photocoagulation Study (MPS) Group,&#xD;
      sponsored by the National Eye Institute, demonstrated that laser treatment is effective for&#xD;
      recurrent subfoveal CNV (that extends into the center of the macula) after laser treatment&#xD;
      and for selected patients with subfoveal CNV who had no prior treatment. More recently,&#xD;
      photodynamic therapy with verteporfin was shown to reduce the risk of moderate and server&#xD;
      loss of vision in selected patients with subfoveal neovascularization associated with AMD.&#xD;
      Choroidal neovascularization due to OHS affects adults of working age and may pose a lifelong&#xD;
      risk of blindness to people who have characteristic scars (&quot;histo spots&quot;) in the macula. It&#xD;
      has been estimated that 2,000,000 people who live or have lived in the region of the United&#xD;
      States in which histoplasmosis is endemic have characteristic histo spots and that 100,000 of&#xD;
      them will lose vision in one or both eyes due to CNV. Fortunately, the effectiveness of laser&#xD;
      photocoagulation for treating CNV due to OHS that is not subfoveal (i.e., not extending into&#xD;
      the center of the macula) also has been demonstrated by the MPS Group in two randomized&#xD;
      clinical trials. However, treated patients are at risk of subfoveal recurrence, and laser&#xD;
      treatment cannot be applied to these patients or to other patients with OHS who present with&#xD;
      subfoveal CNV in the absence of prior laser treatment.&#xD;
&#xD;
      Recently, alternative therapies to laser photocoagulation and photodynamic therapy have been&#xD;
      proposed for the management of CNV and are intended to increase the chance of stabilizing or&#xD;
      improving vision at a greater rate than with observation. The most promising of these&#xD;
      alternatives at this time is surgical removal of the neovascular lesion, i.e., submacular&#xD;
      surgery. The rationale for this surgical approach is that removal of the CNV may halt&#xD;
      enlargement of the visual defect, spare photoreceptors in the central macula, and allow&#xD;
      adjacent ocular structures to function normally. Data regarding the effectiveness of this&#xD;
      approach is limited to reports of case series which suffer from the absence of untreated&#xD;
      controls, limited number of cases evaluated, or lack of long term follow-up to assess the&#xD;
      impact of recurrent CNV, delayed atrophy of the outer retina, and adverse outcomes such as&#xD;
      cataract and retinal detachment, requiring additional treatment.&#xD;
&#xD;
      The Submacular Surgery Trials comprise a set of multicenter, randomized clinical trials with&#xD;
      the goal of determining whether surgical removal of subfoveal CNV stabilizes or improves&#xD;
      vision more often than observation. A total of 19 clinical centers collaborated in conducting&#xD;
      a clinical trial for patients with neovascular OHS and idiopathic CNV (Group H protocol). The&#xD;
      target sample size for the Group H protocol was 250 participants to be enrolled and followed&#xD;
      for 4 years. A total of 29 clinical centers collaborated in conducting two additional&#xD;
      clinical trials for patients with neovascular AMD. The target sample size for these AMD&#xD;
      trials was 960 participants to be enrolled and followed for 4 years.&#xD;
&#xD;
      Vision data collected at baseline include a protocol refraction, best-corrected logMAR visual&#xD;
      acuity (ETDRS charts), contrast threshold (Pelli-Robson charts), and reading speed (enlarged&#xD;
      text). Other baseline data recorded include stereoscopic color fundus photographs,&#xD;
      fluorescein angiograms, and lens photographs, as well as health- and vision-related quality&#xD;
      of life interview data (by telephone).&#xD;
&#xD;
      Eligible patients who gave signed, informed consent were randomly assigned to surgery (within&#xD;
      8 days of randomization) or observation. Patients, assigned to surgery, are seen one month&#xD;
      post-surgery for an examination and photographs. All participants are examined at 3, 6, 12,&#xD;
      24, 36, and 48 months after randomization to collect vision data (collected in a masked&#xD;
      fashion at 24 and 48 months after randomization) and to repeat photography. Quality of life&#xD;
      telephone interviews are repeated at 6, 12, 24, 36, and 48 months after randomization.&#xD;
&#xD;
      The primary outcome is improvement in visual acuity from baseline to the two-year examination&#xD;
      or retention of baseline visual acuity through the two-year examination. Secondary outcomes&#xD;
      include change in quality of life from baseline to the 2- and 4-year examinations, change in&#xD;
      visual acuity over 4 years, large losses of visual acuity, and adverse ocular outcomes (e.g.,&#xD;
      those requiring additional treatment such as cataract, retinal detachment, or recurrent CNV).&#xD;
    </textblock>
  </detailed_description>
  <overall_status>Completed</overall_status>
  <start_date>January 1999</start_date>
  <completion_date>September 2001</completion_date>
  <phase>Phase 3</phase>
  <study_type>Interventional</study_type>
  <has_expanded_access>No</has_expanded_access>
  <study_design_info>
    <allocation>Randomized</allocation>
    <primary_purpose>Treatment</primary_purpose>
  </study_design_info>
  <condition>Macular Degeneration</condition>
  <condition>Histoplasmosis</condition>
  <intervention>
    <intervention_type>Procedure</intervention_type>
    <intervention_name>Subfoveal Choroidal Neovascularization Removal</intervention_name>
  </intervention>
  <eligibility>
    <criteria>
      <textblock>
        Group B: Patients with evidence of large hemorrhages from subfoveal neovascular AMD&#xD;
        lesions, visual acuity (SST protocol) of 20/100 to light perception, with the area of&#xD;
        hemorrhage larger than the area of fluorescein angiographically visible CNV, with any&#xD;
        visible CNV less than or equal to 9 MPS disc areas, and ability to return for 4 years of&#xD;
        follow-up may be eligible for the Group B (Blood) protocol.&#xD;
&#xD;
        Group N: Patients with new CNV (no prior laser) due to AMD, visual acuity (SST protocol) of&#xD;
        20/100 to 20/800, fluorescein angiographic evidence of subfoveal CNV lesion which is less&#xD;
        than or equal to 9 MPS disc areas, and ability to return for 4 years of follow-up may be&#xD;
        eligible for the Group N (New CNV) protocol.&#xD;
&#xD;
        Group H: Patients with evidence of CNV due to OHS or idiopathic cause, visual acuity (SST&#xD;
        protocol) 20/50 to 20/800, fluorescein angiographic evidence of subfoveal CNV lesion (new&#xD;
        or recurrent) which is &lt; 9 MPS disc areas, and ability to return for 4 years of follow-up&#xD;
        may be eligible for inclusion in the Group H (Histoplasmosis/Idiopathic CNV) protocol.&#xD;
        Exclusion criteria include other ocular diseases compromising vision, history of submacular&#xD;
        surgery in the study eye, history of subfoveal laser photocoagulation that extends under&#xD;
        the foveal avascular zone, recent intraocular surgery, or previous investigational therapy&#xD;
        for CNV.&#xD;
      </textblock>
    </criteria>
    <gender>All</gender>
    <minimum_age>18 Years</minimum_age>
    <maximum_age>N/A</maximum_age>
    <healthy_volunteers>No</healthy_volunteers>
  </eligibility>
  <reference>
    <citation>Grossniklaus HE, Green WR. Histopathologic and ultrastructural findings of surgically excised choroidal neovascularization. Submacular Surgery Trials Research Group. Arch Ophthalmol. 1998 Jun;116(6):745-9.</citation>
    <PMID>9639442</PMID>
  </reference>
  <verification_date>September 2009</verification_date>
  <study_first_submitted>September 23, 1999</study_first_submitted>
  <study_first_submitted_qc>September 23, 1999</study_first_submitted_qc>
  <study_first_posted type="Estimate">September 24, 1999</study_first_posted>
  <last_update_submitted>September 16, 2009</last_update_submitted>
  <last_update_submitted_qc>September 16, 2009</last_update_submitted_qc>
  <last_update_posted type="Estimate">September 17, 2009</last_update_posted>
  <keyword>Ocular Histoplasmosis Syndrome</keyword>
  <keyword>Idiopathic Choroidal Neovascularization</keyword>
  <condition_browse>
    <!-- CAUTION:  The following MeSH terms are assigned with an imperfect algorithm            -->
    <mesh_term>Histoplasmosis</mesh_term>
    <mesh_term>Macular Degeneration</mesh_term>
  </condition_browse>
  <!-- Results have not yet been posted for this study                                          -->
</clinical_study>

