<clinical_study>
  <!-- This xml conforms to an XML Schema at:
    https://clinicaltrials.gov/ct2/html/images/info/public.xsd -->
  <required_header>
    <download_date>ClinicalTrials.gov processed this data on April 27, 2021</download_date>
    <link_text>Link to the current ClinicalTrials.gov record.</link_text>
    <url>https://clinicaltrials.gov/show/NCT00000158</url>
  </required_header>
  <id_info>
    <org_study_id>NEI-60</org_study_id>
    <nct_id>NCT00000158</nct_id>
  </id_info>
  <brief_title>Macular Photocoagulation Study (MPS)</brief_title>
  <sponsors>
    <lead_sponsor>
      <agency>National Eye Institute (NEI)</agency>
      <agency_class>NIH</agency_class>
    </lead_sponsor>
  </sponsors>
  <source>National Eye Institute (NEI)</source>
  <brief_summary>
    <textblock>
      To evaluate laser treatment of choroidal neovascularization (CNV) through randomized,&#xD;
      controlled clinical trials. The Macular Photocoagulation Study (MPS) consisted of three sets&#xD;
      of randomized, controlled clinical trials. Change in best-corrected visual acuity from&#xD;
      baseline was the primary outcome for all MPS trials. Other measures of vision are evaluated&#xD;
      in each set of trials. The purpose of each is described below.&#xD;
&#xD;
      Argon Study: To determine whether argon blue-green laser photocoagulation of leaking abnormal&#xD;
      blood vessels in choroidal neovascular membranes outside the fovea (200 to 2,500 microns from&#xD;
      the center of the foveal avascular zone [FAZ]) is of benefit in preventing or delaying loss&#xD;
      of central vision in patients with age-related (senile) macular degeneration (AMD), presumed&#xD;
      ocular histoplasmosis (POH), and idiopathic neovascular membranes (INVM). A separate trial&#xD;
      was conducted for each of the three underlying conditions.&#xD;
&#xD;
      Krypton Study: To determine whether krypton red laser photocoagulation of choroidal&#xD;
      neovascular lesions with the posterior border 1 to 199 microns from the center of the FAZ is&#xD;
      of benefit in preventing or delaying large losses of visual acuity in patients with AMD, POH,&#xD;
      and INVM. A separate trial was conducted for each of the three underlying conditions.&#xD;
&#xD;
      Foveal Study: To determine whether laser photocoagulation is of benefit in preventing or&#xD;
      delaying further visual acuity loss in patients with new (never treated) or recurrent&#xD;
      (previously treated with laser photocoagulation) choroidal neovascularization under the&#xD;
      center of the FAZ. Two separate trials, one for each type of lesion, were carried out.&#xD;
    </textblock>
  </brief_summary>
  <detailed_description>
    <textblock>
      In each randomized trial conducted by the MPS Group, focal laser photocoagulation was&#xD;
      compared to observation without treatment. Patients were assigned to laser treatment or to&#xD;
      observation with equal probability. The first set of MPS randomized trials, the Argon Study,&#xD;
      focused on the effectiveness of photocoagulation with argon blue-green laser in eyes with&#xD;
      discrete extrafoveal choroidal neovascularization. The study investigators, who began&#xD;
      recruiting patients in 1979, estimated that 550 patients with AMD and 750 with POH would be&#xD;
      required. Follow-up was to continue for 5 years to determine whether argon laser&#xD;
      photocoagulation treatment could prevent or delay visual acuity loss in these patients.&#xD;
&#xD;
      After the initiation of the Argon Study, a new krypton red laser became available. The new&#xD;
      wavelength offered theoretical advantages over the argon laser for treating CNV that extended&#xD;
      inside the FAZ of the macula. The Krypton Study design was analogous to the Argon Study, with&#xD;
      the investigation of three underlying conditions, except that CNV was closer to the FAZ&#xD;
      center.&#xD;
&#xD;
      The third set of MPS clinical trials, the Foveal Study, was designed to determine whether&#xD;
      laser photocoagulation was effective for delaying or preventing further visual acuity loss in&#xD;
      AMD patients who have subfoveal CNV. Among patients assigned to laser treatment in the Foveal&#xD;
      Study, argon laser treatment was compared with krypton red laser treatment of these lesions.&#xD;
      The investigators originally projected that about 350 patients would be required for each&#xD;
      clinical trial of the Foveal Study.&#xD;
    </textblock>
  </detailed_description>
  <overall_status>Unknown status</overall_status>
  <last_known_status>Active, not recruiting</last_known_status>
  <start_date>February 1979</start_date>
  <phase>Phase 3</phase>
  <study_type>Interventional</study_type>
  <has_expanded_access>No</has_expanded_access>
  <study_design_info>
    <allocation>Randomized</allocation>
    <primary_purpose>Treatment</primary_purpose>
  </study_design_info>
  <condition>Choroidal Neovascularization</condition>
  <condition>Macular Degeneration</condition>
  <condition>Histoplasmosis</condition>
  <intervention>
    <intervention_type>Procedure</intervention_type>
    <intervention_name>Argon Blue-Green Laser Photocoagulation</intervention_name>
  </intervention>
  <eligibility>
    <criteria>
      <textblock>
        Common Eligibility Criteria for the Argon, Krypton, and Foveal Studies:&#xD;
&#xD;
        To be eligible, men and women must have been experiencing visual symptoms attributable to&#xD;
        the macular lesion, such as decreased visual acuity or Amsler grid distortion, at the time&#xD;
        of entry into the study. They also must have had visible, well-demarcated hyperfluorescence&#xD;
        characteristic of classic choroidal neovascularization on fluorescein angiography. AMD&#xD;
        patients were 50 years of age or older and had drusen visible in the macula of at least one&#xD;
        eye. POH patients were at least 18 years old and had at least one characteristic histo spot&#xD;
        in one or both eyes. INVM patients were at least 18 years old and had no evidence of AMD,&#xD;
        POH, angioid streaks, high myopia, diabetic retinopathy, or any other condition that could&#xD;
        be the cause of the neovascularization. In particular, INVM patients had neither drusen&#xD;
        greater than MPS Standard Photograph No. 1.1 nor histo spots in either eye.&#xD;
&#xD;
        Additional Patient Eligibility Criteria for the Argon Study:&#xD;
&#xD;
        Each patient had a visible serous detachment of the sensory retina with a diffuse area of&#xD;
        leakage, discrete choroidal neovascularization outside the fovea (200-2,500 microns from&#xD;
        the center of the FAZ), and visual acuity of 20/100 or better in the study eye.&#xD;
&#xD;
        Additional Patient Eligibility Criteria for the Krypton Study:&#xD;
&#xD;
        All patients had a neovascular lesion consisting of neovascularization and possibly blood&#xD;
        and/or pigment that extended into the FAZ. The posterior border of CNV could extend as&#xD;
        close as 1 micron to the FAZ center. Visual acuity of the study eye was 20/400 or better.&#xD;
&#xD;
        Additional Patient Eligibility Criteria for the Foveal Study:&#xD;
&#xD;
        Only patients with AMD were eligible for this study. Fluorescein angiography of the&#xD;
        eligible eye had to show evidence of a leaking choroidal neovascular membrane, some part of&#xD;
        which extended under the center of the FAZ, or a neovascular lesion consisting of an old&#xD;
        laser treatment scar and contiguous leaking neovascularization within 150 microns of the&#xD;
        center of the FAZ. New, never-treated subfoveal lesions were less than four disc areas in&#xD;
        size. Recurrent lesions were less than six disc areas in size, including the old treatment&#xD;
        scar and new neovascularization. Best-corrected visual acuity was no better than 20/40 and&#xD;
        no worse than 20/320.&#xD;
      </textblock>
    </criteria>
    <gender>All</gender>
    <minimum_age>18 Years</minimum_age>
    <maximum_age>N/A</maximum_age>
    <healthy_volunteers>No</healthy_volunteers>
  </eligibility>
  <reference>
    <citation>Changing the protocol: a case report from the Macular Photocoagulation Study. Macular Photocoagulation Study Group. Control Clin Trials. 1984 Sep;5(3):203-16.</citation>
    <PMID>6488805</PMID>
  </reference>
  <reference>
    <citation>Hillis A, Maguire M, Hawkins BS, Newhouse MM. The Markov process as a general method for nonparametric analysis of right-censored medical data. J Chronic Dis. 1986;39(8):595-604.</citation>
    <PMID>3525597</PMID>
  </reference>
  <reference>
    <citation>Blackhurst DW, Maguire MG. Reproducibility of refraction and visual acuity measurement under a standard protocol. The Macular Photocoagulation Study Group. Retina. 1989;9(3):163-9.</citation>
    <PMID>2480626</PMID>
  </reference>
  <reference>
    <citation>Hawkins BS, Prior MJ, Fisher MR, Blackhurst DW. Relationship between rate of patient enrollment and quality of clinical center performance in two multicenter trials in ophthalmology. Control Clin Trials. 1990 Oct;11(5):374-94.</citation>
    <PMID>1963130</PMID>
  </reference>
  <reference>
    <citation>Argon laser photocoagulation for senile macular degeneration. Results of a randomized clinical trial. Arch Ophthalmol. 1982 Jun;100(6):912-8.</citation>
    <PMID>7046707</PMID>
  </reference>
  <reference>
    <citation>Argon laser photocoagulation for ocular histoplasmosis. Results of a randomized clinical trial. Arch Ophthalmol. 1983 Sep;101(9):1347-57.</citation>
    <PMID>6193771</PMID>
  </reference>
  <reference>
    <citation>Argon laser photocoagulation for idiopathic neovascularization. Results of a randomized clinical trial. Arch Ophthalmol. 1983 Sep;101(9):1358-61.</citation>
    <PMID>6193772</PMID>
  </reference>
  <reference>
    <citation>Fine SL. Early detection of extrafoveal neovascular membranes by daily central field evaluation. Ophthalmology. 1985 May;92(5):603-9.</citation>
    <PMID>2409502</PMID>
  </reference>
  <reference>
    <citation>Recurrent choroidal neovascularization after argon laser photocoagulation for neovascular maculopathy. Macular Photocoagulation Study Group. Arch Ophthalmol. 1986 Apr;104(4):503-12.</citation>
    <PMID>2420315</PMID>
  </reference>
  <reference>
    <citation>Argon laser photocoagulation for neovascular maculopathy. Three-year results from randomized clinical trials. Macular Photocoagulation Study Group. Arch Ophthalmol. 1986 May;104(5):694-701.</citation>
    <PMID>2423061</PMID>
  </reference>
  <reference>
    <citation>Krypton laser photocoagulation for neovascular lesions of ocular histoplasmosis. Results of a randomized clinical trial. Macular Photocoagulation Study Group. Arch Ophthalmol. 1987 Nov;105(11):1499-507.</citation>
    <PMID>2445326</PMID>
  </reference>
  <reference>
    <citation>Chamberlin JA, Bressler NM, Bressler SB, Elman MJ, Murphy RP, Flood TP, Hawkins BS, Maguire MG, Fine SL. The use of fundus photographs and fluorescein angiograms in the identification and treatment of choroidal neovascularization in the Macular Photocoagulation Study. The Macular Photocoagulation Study Group. Ophthalmology. 1989 Oct;96(10):1526-34.</citation>
    <PMID>2479899</PMID>
  </reference>
  <reference>
    <citation>Persistent and recurrent neovascularization after krypton laser photocoagulation for neovascular lesions of ocular histoplasmosis. Macular Photocoagulation Study Group. Arch Ophthalmol. 1989 Mar;107(3):344-52.</citation>
    <PMID>2466454</PMID>
  </reference>
  <reference>
    <citation>Krypton laser photocoagulation for neovascular lesions of age-related macular degeneration. Results of a randomized clinical trial. Macular Photocoagulation Study Group. Arch Ophthalmol. 1990 Jun;108(6):816-24.</citation>
    <PMID>1693496</PMID>
  </reference>
  <reference>
    <citation>Persistent and recurrent neovascularization after krypton laser photocoagulation for neovascular lesions of age-related macular degeneration. Macular Photocoagulation Study Group. Arch Ophthalmol. 1990 Jun;108(6):825-31.</citation>
    <PMID>1693497</PMID>
  </reference>
  <reference>
    <citation>Krypton laser photocoagulation for idiopathic neovascular lesions. Results of a randomized clinical trial. Macular Photocoagulation Study Group. Arch Ophthalmol. 1990 Jun;108(6):832-7.</citation>
    <PMID>1693498</PMID>
  </reference>
  <reference>
    <citation>Bressler SB, Maguire MG, Bressler NM, Fine SL. Relationship of drusen and abnormalities of the retinal pigment epithelium to the prognosis of neovascular macular degeneration. The Macular Photocoagulation Study Group. Arch Ophthalmol. 1990 Oct;108(10):1442-7.</citation>
    <PMID>1699513</PMID>
  </reference>
  <reference>
    <citation>Bressler NM, Bressler SB, Alexander J, Javornik N, Fine SL, Murphy RP. Loculated fluid. A previously undescribed fluorescein angiographic finding in choroidal neovascularization associated with macular degeneration. Macular Photocoagulation Study Reading Center. Arch Ophthalmol. 1991 Feb;109(2):211-5.</citation>
    <PMID>1704212</PMID>
  </reference>
  <reference>
    <citation>Argon laser photocoagulation for neovascular maculopathy. Five-year results from randomized clinical trials. Macular Photocoagulation Study Group. Arch Ophthalmol. 1991 Aug;109(8):1109-14. Erratum in: Arch Ophthalmol 1992 Jun;110(6):761.</citation>
    <PMID>1714270</PMID>
  </reference>
  <reference>
    <citation>Laser photocoagulation of subfoveal recurrent neovascular lesions in age-related macular degeneration. Results of a randomized clinical trial. Macular Photocoagulation Study Group. Arch Ophthalmol. 1991 Sep;109(9):1232-41.</citation>
    <PMID>1718251</PMID>
  </reference>
  <reference>
    <citation>Subfoveal neovascular lesions in age-related macular degeneration. Guidelines for evaluation and treatment in the macular photocoagulation study. Macular Photocoagulation Study Group. Arch Ophthalmol. 1991 Sep;109(9):1242-57.</citation>
    <PMID>1718252</PMID>
  </reference>
  <reference>
    <citation>Birch DG, Anderson JL, Fish GE, Jost BF. Pattern-reversal electroretinographic acuity in untreated eyes with subfoveal neovascular membranes. Invest Ophthalmol Vis Sci. 1992 Jun;33(7):2097-104.</citation>
    <PMID>1376721</PMID>
  </reference>
  <reference>
    <citation>Orr PR, Blackhurst DW, Hawkins BS. Patient and clinic factors predictive of missed visits and inactive status in a multicenter clinical trial. The Macular Photocoagulation Study Group. Control Clin Trials. 1992 Feb;13(1):40-9.</citation>
    <PMID>1315662</PMID>
  </reference>
  <reference>
    <citation>Birch DG, Anderson JL, Fish GE, Jost BF. Pattern-reversal electroretinographic follow-up of laser photocoagulation for subfoveal neovascular lesions in age-related macular degeneration. Am J Ophthalmol. 1993 Aug 15;116(2):148-55.</citation>
    <PMID>8352298</PMID>
  </reference>
  <reference>
    <citation>Fine SL; The case for treating subfoveal neovascularization in patients with age-related macular degeneration, Franklin RM (ed): Retina and Vitreous., Proceedings of the Symposium on Retina and Vitreous, New Orleans Academy of Ophthalmology, New York, Kugler Publications 1993:29-30</citation>
  </reference>
  <reference>
    <citation>Five-year follow-up of fellow eyes of patients with age-related macular degeneration and unilateral extrafoveal choroidal neovascularization. Macular Photocoagulation Study Group. Arch Ophthalmol. 1993 Sep;111(9):1189-99.</citation>
    <PMID>7689826</PMID>
  </reference>
  <reference>
    <citation>Laser photocoagulation of subfoveal neovascular lesions of age-related macular degeneration. Updated findings from two clinical trials. Macular Photocoagulation Study Group. Arch Ophthalmol. 1993 Sep;111(9):1200-9.</citation>
    <PMID>7689827</PMID>
  </reference>
  <reference>
    <citation>Visual outcome after laser photocoagulation for subfoveal choroidal neovascularization secondary to age-related macular degeneration. The influence of initial lesion size and initial visual acuity. Macular Photocoagulation Study Group. Arch Ophthalmol. 1994 Apr;112(4):480-8.</citation>
    <PMID>7512334</PMID>
  </reference>
  <reference>
    <citation>Persistent and recurrent neovascularization after laser photocoagulation for subfoveal choroidal neovascularization of age-related macular degeneration. Macular Photocoagulation Study Group. Arch Ophthalmol. 1994 Apr;112(4):489-99.</citation>
    <PMID>7512335</PMID>
  </reference>
  <reference>
    <citation>Laser photocoagulation for juxtafoveal choroidal neovascularization. Five-year results from randomized clinical trials. Macular Photocoagulation Study Group. Arch Ophthalmol. 1994 Apr;112(4):500-9.</citation>
    <PMID>7512336</PMID>
  </reference>
  <reference>
    <citation>Evaluation of argon green vs krypton red laser for photocoagulation of subfoveal choroidal neovascularization in the macular photocoagulation study. Macular Photocoagulation Study (MPS) Group. Arch Ophthalmol. 1994 Sep;112(9):1176-84.</citation>
    <PMID>7522004</PMID>
  </reference>
  <reference>
    <citation>Laser photocoagulation for neovascular lesions nasal to the fovea. Results from clinical trials for lesions secondary to ocular histoplasmosis or idiopathic causes. Macular Photocoagulation Study Group. Arch Ophthalmol. 1995 Jan;113(1):56-61.</citation>
    <PMID>7529993</PMID>
  </reference>
  <reference>
    <citation>The influence of treatment extent on the visual acuity of eyes treated with Krypton laser for juxtafoveal choroidal neovascularization. Macular Photocoagulation Study Group. Arch Ophthalmol. 1995 Feb;113(2):190-4.</citation>
    <PMID>7532395</PMID>
  </reference>
  <reference>
    <citation>Occult choroidal neovascularization. Influence on visual outcome in patients with age-related macular degeneration. Macular Photocoagulation Study Group. Arch Ophthalmol. 1996 Apr;114(4):400-12. Erratum in: Arch Ophthalmol 1996 Aug;114(8):1023.</citation>
    <PMID>8602776</PMID>
  </reference>
  <reference>
    <citation>Five-year follow-up of fellow eyes of individuals with ocular histoplasmosis and unilateral extrafoveal or juxtafoveal choroidal neovascularization. Macular Photocoagulation Study Group. Arch Ophthalmol. 1996 Jun;114(6):677-88.</citation>
    <PMID>8639078</PMID>
  </reference>
  <reference>
    <citation>Risk factors for choroidal neovascularization in the second eye of patients with juxtafoveal or subfoveal choroidal neovascularization secondary to age-related macular degeneration. Macular Photocoagulation Study Group. Arch Ophthalmol. 1997 Jun;115(6):741-7.</citation>
    <PMID>9194725</PMID>
  </reference>
  <verification_date>June 2002</verification_date>
  <study_first_submitted>September 23, 1999</study_first_submitted>
  <study_first_submitted_qc>September 23, 1999</study_first_submitted_qc>
  <study_first_posted type="Estimate">September 24, 1999</study_first_posted>
  <last_update_submitted>June 23, 2005</last_update_submitted>
  <last_update_submitted_qc>June 23, 2005</last_update_submitted_qc>
  <last_update_posted type="Estimate">June 24, 2005</last_update_posted>
  <keyword>photocoagulation</keyword>
  <keyword>argon blue-green laser</keyword>
  <keyword>krypton red laser</keyword>
  <condition_browse>
    <!-- CAUTION:  The following MeSH terms are assigned with an imperfect algorithm            -->
    <mesh_term>Histoplasmosis</mesh_term>
    <mesh_term>Macular Degeneration</mesh_term>
    <mesh_term>Choroidal Neovascularization</mesh_term>
    <mesh_term>Neovascularization, Pathologic</mesh_term>
  </condition_browse>
  <!-- Results have not yet been posted for this study                                          -->
</clinical_study>

