<clinical_study>
  <!-- This xml conforms to an XML Schema at:
    https://clinicaltrials.gov/ct2/html/images/info/public.xsd -->
  <required_header>
    <download_date>ClinicalTrials.gov processed this data on April 27, 2021</download_date>
    <link_text>Link to the current ClinicalTrials.gov record.</link_text>
    <url>https://clinicaltrials.gov/show/NCT00000122</url>
  </required_header>
  <id_info>
    <org_study_id>NEI-21</org_study_id>
    <nct_id>NCT00000122</nct_id>
  </id_info>
  <brief_title>Fluorouracil Filtering Surgery Study (FFSS)</brief_title>
  <sponsors>
    <lead_sponsor>
      <agency>National Eye Institute (NEI)</agency>
      <agency_class>NIH</agency_class>
    </lead_sponsor>
  </sponsors>
  <source>National Eye Institute (NEI)</source>
  <brief_summary>
    <textblock>
      To determine whether postoperative subconjunctival injections of 5-fluorouracil (5-FU)&#xD;
      increase the success rate of filtering surgery in patients at high risk for failure after&#xD;
      standard glaucoma filtering surgery.&#xD;
    </textblock>
  </brief_summary>
  <detailed_description>
    <textblock>
      Filtering surgery adequately lowers intraocular pressure in most glaucoma patients. However,&#xD;
      the prognosis is less favorable for aphakic patients with glaucoma or glaucoma in phakic eyes&#xD;
      following unsuccessful filtering operations. Failure of filtering surgery is usually&#xD;
      attributed to the proliferation of fibroblasts at the filtering site. The use of 5-FU, an&#xD;
      antimetabolite, has been shown to inhibit the proliferation of fibroblasts in tissue culture,&#xD;
      and in preliminary studies it has increased the success of filtering surgery in a nonhuman&#xD;
      primate model.&#xD;
&#xD;
      The Fluorouracil Filtering Surgery Study (FFSS) was a randomized, controlled clinical trial&#xD;
      comparing the success rate of standard glaucoma filtering surgery to the success rate of&#xD;
      standard surgery with adjunctive 5-FU treatment.&#xD;
&#xD;
      Another element of this study was to evaluate the frequency and severity of possible adverse&#xD;
      effects related to 5-FU injections. Detailed preoperative and postoperative examinations of&#xD;
      the cornea, lens, and retina were performed. Systemic toxicity was assessed by preoperative&#xD;
      and postoperative hematologic studies.&#xD;
&#xD;
      After the investigators performed the filtering surgery and determined that the new outlet&#xD;
      channel was working, patients were randomized to receive either 5-FU injections or standard&#xD;
      postsurgical care without 5-FU. The patients treated with 5-FU received subconjunctival&#xD;
      injections of 5 mg of 5-FU twice daily on postoperative days 1 through 7 and once daily on&#xD;
      postoperative days 8 through 14. There were 213 patients recruited into the study, 162 with&#xD;
      previous cataract extraction and 51 with previous filtering surgery.&#xD;
&#xD;
      All patients were examined at 1 month, 3 months, 6 months, 1 year, 18 months, and 2 years&#xD;
      postoperatively and at yearly intervals thereafter until 5 years postoperatively. Possible&#xD;
      concomitant risks of 5-FU treatment, such as toxic effects to the cornea, lens, or retina,&#xD;
      were monitored.&#xD;
    </textblock>
  </detailed_description>
  <overall_status>Completed</overall_status>
  <start_date>September 1985</start_date>
  <completion_date type="Actual">June 1988</completion_date>
  <phase>Phase 3</phase>
  <study_type>Interventional</study_type>
  <has_expanded_access>No</has_expanded_access>
  <study_design_info>
    <allocation>Randomized</allocation>
    <primary_purpose>Treatment</primary_purpose>
    <masking>Double</masking>
  </study_design_info>
  <condition>Glaucoma</condition>
  <intervention>
    <intervention_type>Drug</intervention_type>
    <intervention_name>5-Fluorouracil</intervention_name>
  </intervention>
  <eligibility>
    <criteria>
      <textblock>
        Men and women with uncontrolled intraocular pressure greater than 21 mm Hg in one or both&#xD;
        eyes despite maximal tolerated therapy and who were aphakic or had undergone previous&#xD;
        filtering surgery were eligible to participate.&#xD;
      </textblock>
    </criteria>
    <gender>All</gender>
    <minimum_age>N/A</minimum_age>
    <maximum_age>N/A</maximum_age>
    <healthy_volunteers>No</healthy_volunteers>
  </eligibility>
  <link>
    <url>http://www.nei.nih.gov/news/pressreleases/ffsspressrelease.asp</url>
    <description>NEI Press Release-Fluorouracil Improves Glaucoma Surgery Outcome</description>
  </link>
  <reference>
    <citation>Fluorouracil Filtering Surgery Study one-year follow-up. The Fluorouracil Filtering Surgery Study Group. Am J Ophthalmol. 1989 Dec 15;108(6):625-35.</citation>
    <PMID>2688428</PMID>
  </reference>
  <reference>
    <citation>Risk factors for suprachoroidal hemorrhage after filtering surgery. The Fluorouracil Filtering Surgery Study Group. Am J Ophthalmol. 1992 May 15;113(5):501-7.</citation>
    <PMID>1575223</PMID>
  </reference>
  <reference>
    <citation>Three-year follow-up of the Fluorouracil Filtering Surgery Study. Am J Ophthalmol. 1993 Jan;115(1):82-92.</citation>
    <PMID>8420383</PMID>
  </reference>
  <reference>
    <citation>Five-year follow-up of the Fluorouracil Filtering Surgery Study. The Fluorouracil Filtering Surgery Study Group. Am J Ophthalmol. 1996 Apr;121(4):349-66.</citation>
    <PMID>8604728</PMID>
  </reference>
  <verification_date>September 2009</verification_date>
  <study_first_submitted>September 23, 1999</study_first_submitted>
  <study_first_submitted_qc>September 23, 1999</study_first_submitted_qc>
  <study_first_posted type="Estimate">September 24, 1999</study_first_posted>
  <last_update_submitted>September 16, 2009</last_update_submitted>
  <last_update_submitted_qc>September 16, 2009</last_update_submitted_qc>
  <last_update_posted type="Estimate">September 17, 2009</last_update_posted>
  <condition_browse>
    <!-- CAUTION:  The following MeSH terms are assigned with an imperfect algorithm            -->
    <mesh_term>Glaucoma</mesh_term>
  </condition_browse>
  <intervention_browse>
    <!-- CAUTION:  The following MeSH terms are assigned with an imperfect algorithm            -->
    <mesh_term>Fluorouracil</mesh_term>
  </intervention_browse>
  <!-- Results have not yet been posted for this study                                          -->
</clinical_study>

