<clinical_study>
  <!-- This xml conforms to an XML Schema at:
    https://clinicaltrials.gov/ct2/html/images/info/public.xsd -->
  <required_header>
    <download_date>ClinicalTrials.gov processed this data on April 27, 2021</download_date>
    <link_text>Link to the current ClinicalTrials.gov record.</link_text>
    <url>https://clinicaltrials.gov/show/NCT00000129</url>
  </required_header>
  <id_info>
    <org_study_id>NEI-28</org_study_id>
    <nct_id>NCT00000129</nct_id>
  </id_info>
  <brief_title>Prospective Evaluation of Radial Keratotomy (PERK) Study</brief_title>
  <sponsors>
    <lead_sponsor>
      <agency>National Eye Institute (NEI)</agency>
      <agency_class>NIH</agency_class>
    </lead_sponsor>
  </sponsors>
  <source>National Eye Institute (NEI)</source>
  <brief_summary>
    <textblock>
      To determine whether radial keratotomy is effective in reducing myopia.&#xD;
&#xD;
      To detect complications of the surgery.&#xD;
&#xD;
      To discover patient characteristics and surgical factors affecting the results.&#xD;
&#xD;
      To determine the long-term safety and efficacy of the procedure.&#xD;
    </textblock>
  </brief_summary>
  <detailed_description>
    <textblock>
      Approximately 11 million Americans have myopia that can be corrected with eyeglasses or&#xD;
      contact lenses. Some of these people may also be candidates for radial keratotomy (RK), a&#xD;
      procedure that aims to correct or reduce myopia by surgery that flattens the corneal&#xD;
      curvature.&#xD;
&#xD;
      Keratotomy was first performed by surgeons in Europe and the United States in the late 1800s,&#xD;
      and the basic optical and mechanical principles of the operation were defined in the 1940s&#xD;
      and 1950s by the Japanese doctors T. Sato and K. Akiyama, who used anterior and posterior&#xD;
      corneal incisions. The posterior incisions damaged the cornea, and the procedure was modified&#xD;
      in the Soviet Union by doctors Fyodorov and V. Durnev to include incisions in only the&#xD;
      anterior cornea. Since its introduction into the United States in 1978, numerous&#xD;
      ophthalmologists have modified the procedure by introducing technical and surgical&#xD;
      improvements such as ultrasonic methods to measure the thickness of the cornea and the use of&#xD;
      diamond-bladed micrometer knives to make the incisions.&#xD;
&#xD;
      However, scientific assessment of RK lagged behind growing public and professional interest&#xD;
      in the procedure. In 1980, in response to widespread concern about the long-term safety and&#xD;
      efficacy of RK, a group of ophthalmic surgeons approached the National Eye Institute with a&#xD;
      proposal for a multicenter clinical trial that would evaluate the potential benefits and&#xD;
      risks of this procedure.&#xD;
&#xD;
      The Prospective Evaluation of Radial Keratotomy study, involving 435 patients and 99 pilot&#xD;
      patients, was a clinical trial designed to evaluate the short- and long-term safety and&#xD;
      efficacy of one technique of radial keratotomy. The procedure was evaluated by comparing a&#xD;
      patient's refractive error and uncorrected vision before and after surgery. The more myopic&#xD;
      eye received surgery first. Patients were required to wait 1 year before having the operation&#xD;
      on the second eye.&#xD;
&#xD;
      The surgical technique was standardized, consisting of eight centrifugal radial incisions&#xD;
      made manually with a diamond micrometer knife. The diameter of the central, uncut, clear zone&#xD;
      was determined by the preoperative spherical equivalent cycloplegic refraction (-2.00 to&#xD;
      -3.12 D = 4.0 mm; -3.25 to -4.3 D = 3.5 mm; -4.50 to -8.00 D = 3.0 mm). The blade length,&#xD;
      which determined the depth of the incision, was set at 100 percent of the thinnest of four&#xD;
      intraoperative ultrasonic corneal thickness readings taken paracentrally at the 3-, 6-, 9-,&#xD;
      and 12-o'clock meridians just outside the mark delineating the clear zone. The incisions were&#xD;
      made from the edge of the trephine mark to the limbal vascular arcade and were spaced&#xD;
      equidistantly around the cornea.&#xD;
&#xD;
      Patients were examined preoperatively and after surgery at 2 weeks, 3 months, 6 months,&#xD;
      annually for 5 years, and at 10 years. Examinations in the morning and evening of the same&#xD;
      day were done at 3 months, 1 year, 3 years, and 11 years in a subset of the patients to test&#xD;
      for diurnal fluctuation of vision and refraction.&#xD;
&#xD;
      The primary outcome variables measured at each visit was the uncorrected and&#xD;
      spectacle-corrected visual acuity and the refractive error with the pupil dilated and&#xD;
      undilated. The corneal shape was measured with central keratometry and photokeratoscopy.&#xD;
      Endothelial function was evaluated using specular microscopy. A slit-lamp microscope&#xD;
      examination was made to check for complications from the incisions. Contrast sensitivity was&#xD;
      tested in a subset of patients. Patient motivation and satisfaction were studied with&#xD;
      psychometric questionnaires at baseline, 1 year, 5-6 years, and 10 years.&#xD;
    </textblock>
  </detailed_description>
  <overall_status>Completed</overall_status>
  <start_date>April 1981</start_date>
  <completion_date type="Actual">October 1983</completion_date>
  <phase>Phase 3</phase>
  <study_type>Interventional</study_type>
  <has_expanded_access>No</has_expanded_access>
  <study_design_info>
    <allocation>Randomized</allocation>
    <primary_purpose>Treatment</primary_purpose>
  </study_design_info>
  <condition>Myopia</condition>
  <intervention>
    <intervention_type>Procedure</intervention_type>
    <intervention_name>Radial Keratotomy</intervention_name>
  </intervention>
  <eligibility>
    <criteria>
      <textblock>
        All men and women had 2 to 8 diopters of simple myopia and were correctable to 20/20 or&#xD;
        better with glasses or contact lenses. All patients had the stability of their myopia&#xD;
        documented by previous records. Patients were at least 21 years of age and lived in the&#xD;
        metropolitan area of the study centers. Each patient agreed to have surgery on one eye and&#xD;
        to wait 1 year for surgery on the other eye. Patients with systemic diseases that might&#xD;
        affect corneal wound healing and patients with high corneal astigmatism were excluded from&#xD;
        the study.&#xD;
      </textblock>
    </criteria>
    <gender>All</gender>
    <minimum_age>21 Years</minimum_age>
    <maximum_age>N/A</maximum_age>
    <healthy_volunteers>No</healthy_volunteers>
  </eligibility>
  <link>
    <url>http://www.nei.nih.gov/news/pressreleases/perkpressrelease.asp</url>
    <description>NEI Press Release-Ten-Year Results on Radial Keratotomy Released</description>
  </link>
  <reference>
    <citation>Waring GO 3rd, Moffitt SD, Gelender H, Laibson PR, Lindstrom RL, Myers WD, Obstbaum SA, Rowsey JJ, Safir A, Schanzlin DJ, Bourque LB. Rationale for and design of the National Eye Institute Prospective Evaluation of Radial Keratotomy (PERK) Study. Ophthalmology. 1983 Jan;90(1):40-58. Review.</citation>
    <PMID>6338438</PMID>
  </reference>
  <reference>
    <citation>Bourque LB, Rubenstein R, Cosand B, Waring GO 3rd, Moffitt S, Gelender H, Laibson PR, Lindstrom RL, McDonald M, Myers WD, et al. Psychosocial characteristics of candidates for the prospective evaluation of radial keratotomy (PERK) study. Arch Ophthalmol. 1984 Aug;102(8):1187-92.</citation>
    <PMID>6380467</PMID>
  </reference>
  <reference>
    <citation>Novak AF; Lindstrom RL; Williams PA; Everson M; Corneal pachymetry prior to radial keratotomy: a comparison of techniques., J Refract Surg 1985;1:151-153</citation>
  </reference>
  <reference>
    <citation>Steinberg EB, Waring GO 3rd. Comparison of two methods of marking the visual axis on the cornea during radial keratotomy. Am J Ophthalmol. 1983 Nov;96(5):605-8.</citation>
    <PMID>6638126</PMID>
  </reference>
  <reference>
    <citation>Steinberg EB, Wilson LA, Waring GO 3rd, Lynn MJ, Coles WH. Stellate iron lines in the corneal epithelium after radial keratotomy. Am J Ophthalmol. 1984 Oct 15;98(4):416-21.</citation>
    <PMID>6486212</PMID>
  </reference>
  <reference>
    <citation>Nelson JD, Williams P, Lindstrom RL, Doughman DJ. Map-fingerprint-dot changes in the corneal epithelial basement membrane following radial keratotomy. Ophthalmology. 1985 Feb;92(2):199-205.</citation>
    <PMID>3872431</PMID>
  </reference>
  <reference>
    <citation>Waring GO 3rd, Lynn MJ, Gelender H, Laibson PR, Lindstrom RL, Myers WD, Obstbaum SA, Rowsey JJ, McDonald MB, Schanzlin DJ, et al. Results of the prospective evaluation of radial keratotomy (PERK) study one year after surgery. Ophthalmology. 1985 Feb;92(2):177-98, 307.</citation>
    <PMID>3885128</PMID>
  </reference>
  <reference>
    <citation>Atkin A, Asbell P, Justin N, Smith H, Wayne R, Winterkorn J. Radial keratotomy and glare effects on contrast sensitivity. Doc Ophthalmol. 1986 Feb 28;62(2):129-48.</citation>
    <PMID>3956364</PMID>
  </reference>
  <reference>
    <citation>Bourque LB, Cosand BB, Drews C, Waring GO 3rd, Lynn M, Cartwright C. Reported satisfaction, fluctuation of vision, and glare among patients one year after surgery in the Prospective Evaluation of Radial Keratotomy (PERK) Study. Arch Ophthalmol. 1986 Mar;104(3):356-63.</citation>
    <PMID>3954634</PMID>
  </reference>
  <reference>
    <citation>Bourque LB; Cosand BB; Drews C; Waring GO; Lynn M; Cartwright C; Satisfaccion informada, fluctuacion de la vision y resplandor en pacientes al cabo de un ano tras la cirugia en el estudio de la evaluacion prospectiva de la queratotomia radial (EPQR)., Arch Ophthalmol 1986;2:57-64</citation>
  </reference>
  <reference>
    <citation>Mandelbaum S, Waring GO 3rd, Forster RK, Culbertson WW, Rowsey JJ, Espinal ME. Late development of ulcerative keratitis in radial keratotomy scars. Arch Ophthalmol. 1986 Aug;104(8):1156-60.</citation>
    <PMID>3741245</PMID>
  </reference>
  <reference>
    <citation>Schanzlin DJ, Santos VR, Waring GO 3rd, Lynn M, Bourque L, Cantillo N, Edwards MA, Justin N, Reinig J, Roszka-Duggan V. Diurnal change in refraction, corneal curvature, visual acuity, and intraocular pressure after radial keratotomy in the PERK Study. Ophthalmology. 1986 Feb;93(2):167-75.</citation>
    <PMID>3951823</PMID>
  </reference>
  <reference>
    <citation>Villaseñor RA, Santos VR, Cox KC, Harris DF 2nd, Lynn M, Waring GO 3rd. Comparison of ultrasonic corneal thickness measurements before and during surgery in the prospective evaluation of Radial Keratotomy (PERK) Study. Ophthalmology. 1986 Mar;93(3):327-30.</citation>
    <PMID>3517739</PMID>
  </reference>
  <reference>
    <citation>Lynn MJ; Waring GO; Predictability and stability of radial keratotomy., J. Refract Surg 1987;3:193-196</citation>
  </reference>
  <reference>
    <citation>Lynn MJ, Waring GO 3rd, Sperduto RD. Factors affecting outcome and predictability of radial keratotomy in the PERK Study. Arch Ophthalmol. 1987 Jan;105(1):42-51.</citation>
    <PMID>3800746</PMID>
  </reference>
  <reference>
    <citation>Santos VR, Waring GO 3rd, Lynn MJ, Holladay JT, Sperduto RD. Relationship between refractive error and visual acuity in the Prospective Evaluation of Radial Keratotomy (PERK) Study. Arch Ophthalmol. 1987 Jan;105(1):86-92.</citation>
    <PMID>3800751</PMID>
  </reference>
  <reference>
    <citation>Waring GO 3rd, Lynn MJ, Culbertson W, Laibson PR, Lindstrom RD, McDonald MB, Myers WD, Obstbaum SA, Rowsey JJ, Schanzlin DJ. Three-year results of the Prospective Evaluation of Radial Keratotomy (PERK) Study. Ophthalmology. 1987 Oct;94(10):1339-54.</citation>
    <PMID>3684210</PMID>
  </reference>
  <reference>
    <citation>Cartwright CS, Bourque LB, Lynn M, Waring GO 3rd. Relationship of glare to uncorrected visual acuity and cycloplegic refraction 1 year after radial keratotomy in the prospective evaluation of radial keratotomy (PERK) study. J Am Optom Assoc. 1988 Jan;59(1):36-9.</citation>
    <PMID>3278044</PMID>
  </reference>
  <reference>
    <citation>McDonnell PJ, Schanzlin DJ. Early changes in refractive error following radial keratotomy. Arch Ophthalmol. 1988 Feb;106(2):212-4.</citation>
    <PMID>3341977</PMID>
  </reference>
  <reference>
    <citation>Rowsey JJ, Balyeat HD, Monlux R, Holladay J, Waring GO 3rd, Lynn MJ. Prospective evaluation of radial keratotomy. Photokeratoscope corneal topography. Ophthalmology. 1988 Mar;95(3):322-34.</citation>
    <PMID>3174000</PMID>
  </reference>
  <reference>
    <citation>Santos VR, Waring GO 3rd, Lynn MJ, Schanzlin DJ, Cantillo N, Espinal ME, Garbus J, Justin N, Roszka-Duggan V. Morning-to-evening change in refraction, corneal curvature, and visual acuity 2 to 4 years after radial keratotomy in the PERK Study. Ophthalmology. 1988 Nov;95(11):1487-93.</citation>
    <PMID>3211457</PMID>
  </reference>
  <reference>
    <citation>Serle JB, Asbell PA, Obstbaum SA, Podos SM, Anh-Le N. The evaluation of corneal endothelial permeability in PERK study patients. Br J Ophthalmol. 1988 Apr;72(4):274-7.</citation>
    <PMID>3378023</PMID>
  </reference>
  <reference>
    <citation>Lynn MJ, Waring GO 3rd, Nizam A, Kutner MH, Culbertson W, McDonald MB, Meyers WD, Naidoff MA, Nelson JD, Obstbaum SA, et al. Symmetry of refractive and visual acuity outcome in the Prospective Evaluation of Radial Keratotomy (PERK) study. Refract Corneal Surg. 1989 Mar-Apr;5(2):75-81.</citation>
    <PMID>2488790</PMID>
  </reference>
  <reference>
    <citation>Rowsey JJ, Monlux R, Balyeat HD, Stevens SX, Gelender H, Holladay J, Krachmer JH, Laibson P, Lindstrom R, Lynn M, et al. Accuracy and reproducibility of KeraScanner analysis in PERK corneal topography. PERK Study Group. Curr Eye Res. 1989 Jul;8(7):661-74.</citation>
    <PMID>2791617</PMID>
  </reference>
  <reference>
    <citation>Ginsburg AP, Waring GO 3rd, Steinberg EB, Williams PA, Justin N, Deitz JR, Roszka-Duggan VK, Baluvelt K, Bourque L. Contrast sensitivity under photopic conditions in the Prospective Evaluation of Radial Keratotomy (PERK) Study. Refract Corneal Surg. 1990 Mar-Apr;6(2):82-91.</citation>
    <PMID>2248920</PMID>
  </reference>
  <reference>
    <citation>Lynn MJ, Waring GO 3rd, Carter JT. Combining refractive error and uncorrected visual acuity to assess the effectiveness of refractive corneal surgery. Refract Corneal Surg. 1990 Mar-Apr;6(2):103-9; discussion 109-12.</citation>
    <PMID>2248912</PMID>
  </reference>
  <reference>
    <citation>Waring GO 3rd, Lynn MJ, Fielding B, Asbell PA, Balyeat HD, Cohen EA, Culbertson W, Doughman DJ, Fecko P, McDonald MB, et al. Results of the Prospective Evaluation of Radial Keratotomy (PERK) Study 4 years after surgery for myopia. Perk Study Group. JAMA. 1990 Feb 23;263(8):1083-91.</citation>
    <PMID>2405203</PMID>
  </reference>
  <reference>
    <citation>Holladay JT, Lynn MJ, Waring GO 3rd, Gemmill M, Keehn GC, Fielding B. The relationship of visual acuity, refractive error, and pupil size after radial keratotomy. Arch Ophthalmol. 1991 Jan;109(1):70-6.</citation>
    <PMID>1987953</PMID>
  </reference>
  <reference>
    <citation>Rowsey JJ, Waring GO 3rd, Monlux RD, Balyeat HD, Stevens SX, Culbertson W, Barron B, Nelson D, Asbell P, Smith R, et al. Corneal topography as a predictor of refractive change in the prospective evaluation of radial keratotomy (PERK) study. Ophthalmic Surg. 1991 Jul;22(7):370-80.</citation>
    <PMID>1891181</PMID>
  </reference>
  <reference>
    <citation>Waring GO 3rd, Lynn MJ, Nizam A, Kutner MH, Cowden JW, Culbertson W, Laibson PR, McDonald MB, Nelson JD, Obstbaum SA, et al. Results of the Prospective Evaluation of Radial Keratotomy (PERK) Study five years after surgery. The Perk Study Group. Ophthalmology. 1991 Aug;98(8):1164-76.</citation>
    <PMID>1923352</PMID>
  </reference>
  <reference>
    <citation>Waring GO 3rd, Lynn MJ, Strahlman ER, Kutner MH, Culbertson W, Laibson PR, Linstrom RD, McDonald MB, Myers WD, Obstbaum SA, et al. Stability of refraction during four years after radial keratotomy in the prospective evaluation of radial keratotomy study. Am J Ophthalmol. 1991 Feb 15;111(2):133-44.</citation>
    <PMID>1801760</PMID>
  </reference>
  <reference>
    <citation>Nizam A, Waring GO 3rd, Lynn MJ, Ward MA, Asbell PA, Balyeat HD, Cohen E, Culbertson W, Doughman DJ, Fecko P, et al. Stability of refraction and visual acuity during 5 years in eyes with simple myopia. The PERK Study Group. Refract Corneal Surg. 1992 Nov-Dec;8(6):439-47.</citation>
    <PMID>1493117</PMID>
  </reference>
  <reference>
    <citation>Bourque LB, Lynn MJ, Waring GO 3rd, Cartwright C. Spectacle and contact lens wearing six years after radial keratotomy in the Prospective Evaluation of Radial Keratotomy Study. Ophthalmology. 1994 Mar;101(3):421-31.</citation>
    <PMID>8127562</PMID>
  </reference>
  <reference>
    <citation>Waring GO 3rd, Lynn MJ, McDonnell PJ. Results of the prospective evaluation of radial keratotomy (PERK) study 10 years after surgery. Arch Ophthalmol. 1994 Oct;112(10):1298-308.</citation>
    <PMID>7945032</PMID>
  </reference>
  <reference>
    <citation>McDonnell PJ, Nizam A, Lynn MJ, Waring GO 3rd. Morning-to-evening change in refraction, corneal curvature, and visual acuity 11 years after radial keratotomy in the prospective evaluation of radial keratotomy study. The PERK Study Group. Ophthalmology. 1996 Feb;103(2):233-9.</citation>
    <PMID>8594507</PMID>
  </reference>
  <reference>
    <citation>Waring GO; Lynn MJ; McDonnell PJ; Resultados del estudio de evaluacion Prospectiva de la Queratotomia Radial (EPQR) 10 anos despues de la cirugia., Arch Ophthalmol (Edicion Espanola) 1995;6:99-110</citation>
  </reference>
  <reference>
    <citation>Nizam A; Waring GO; Lynn MJ; Stability of refraction during 11 years in eyes with simple myopia., Invest Ophthalmol Vis Sci 1996;37:S1004</citation>
  </reference>
  <verification_date>September 2009</verification_date>
  <study_first_submitted>September 23, 1999</study_first_submitted>
  <study_first_submitted_qc>September 23, 1999</study_first_submitted_qc>
  <study_first_posted type="Estimate">September 24, 1999</study_first_posted>
  <last_update_submitted>September 16, 2009</last_update_submitted>
  <last_update_submitted_qc>September 16, 2009</last_update_submitted_qc>
  <last_update_posted type="Estimate">September 17, 2009</last_update_posted>
  <condition_browse>
    <!-- CAUTION:  The following MeSH terms are assigned with an imperfect algorithm            -->
    <mesh_term>Myopia</mesh_term>
  </condition_browse>
  <!-- Results have not yet been posted for this study                                          -->
</clinical_study>

