<clinical_study>
  <!-- This xml conforms to an XML Schema at:
    https://clinicaltrials.gov/ct2/html/images/info/public.xsd -->
  <required_header>
    <download_date>ClinicalTrials.gov processed this data on April 27, 2021</download_date>
    <link_text>Link to the current ClinicalTrials.gov record.</link_text>
    <url>https://clinicaltrials.gov/show/NCT00000131</url>
  </required_header>
  <id_info>
    <org_study_id>NEI-30</org_study_id>
    <nct_id>NCT00000131</nct_id>
  </id_info>
  <brief_title>Central Vein Occlusion Study (CVOS)</brief_title>
  <sponsors>
    <lead_sponsor>
      <agency>National Eye Institute (NEI)</agency>
      <agency_class>NIH</agency_class>
    </lead_sponsor>
  </sponsors>
  <source>National Eye Institute (NEI)</source>
  <brief_summary>
    <textblock>
      To determine whether photocoagulation therapy can help prevent iris neovascularization in&#xD;
      eyes with central vein occlusion (CVO) and evidence of ischemic retina.&#xD;
&#xD;
      To assess whether grid-pattern photocoagulation therapy will reduce loss of central visual&#xD;
      acuity due to macular edema secondary to CVO.&#xD;
&#xD;
      To develop new data describing the course and prognosis for eyes with CVO.&#xD;
    </textblock>
  </brief_summary>
  <detailed_description>
    <textblock>
      Central vein occlusion is a common retinal vascular disorder with potentially blinding&#xD;
      complications. The two major complications are reduced central vision caused by macular edema&#xD;
      and neovascular glaucoma caused by iris neovascularization. Other clinical trials have shown&#xD;
      that laser photocoagulation is an effective treatment for complications found in diabetic&#xD;
      retinopathy and branch vein occlusion, which have some features in common with CVO:&#xD;
      neovascularization and reduced visual acuity caused by macular edema occur in all three&#xD;
      disorders. Evidence from small-scale studies suggests that a grid pattern of photocoagulation&#xD;
      reduces macular edema in CVO patients, although the associated changes in visual acuity are&#xD;
      variable. The CVOS is a detailed investigation of grid pattern photocoagulation in a larger&#xD;
      randomized group of patients.&#xD;
&#xD;
      Eligible patients were divided into four groups:&#xD;
&#xD;
      Group N: Eyes with extensive retinal ischemia (at least 10 disc areas of nonperfusion) were&#xD;
      randomly assigned to receive panretinal photocoagulation or nontreatment unless iris&#xD;
      neovascularization developed.&#xD;
&#xD;
      Group M: Eyes with visual loss ascribable to macular edema were randomly assigned to receive&#xD;
      grid-pattern photocoagulation or nontreatment.&#xD;
&#xD;
      Group P: Eyes with relatively perfused retinas were followed to provide information about the&#xD;
      natural history of the disease.&#xD;
&#xD;
      Group I: Indeterminate eyes in which the retina could not be visualized accurately because of&#xD;
      hemorrhage were followed in a natural history study.&#xD;
&#xD;
      Green argon laser with a slit lamp delivery system was used for all treatments. Photographic&#xD;
      documentation of retinal changes was obtained at entry, post-treatment, and at specified&#xD;
      followup visits for a period of at least 3 years. The frequency of followup visits varied&#xD;
      according to the group to which the CVO patient was assigned. Visual acuity, the primary&#xD;
      outcome factor in the group with macular edema, was measured according to a modified Early&#xD;
      Treatment Diabetic Retinopathy Study protocol at each visit.&#xD;
    </textblock>
  </detailed_description>
  <overall_status>Completed</overall_status>
  <start_date>August 1988</start_date>
  <completion_date type="Actual">February 1994</completion_date>
  <phase>Phase 3</phase>
  <study_type>Interventional</study_type>
  <has_expanded_access>No</has_expanded_access>
  <study_design_info>
    <allocation>Randomized</allocation>
    <primary_purpose>Treatment</primary_purpose>
  </study_design_info>
  <condition>Retinal Vein Occlusion</condition>
  <condition>Retinal Diseases</condition>
  <intervention>
    <intervention_type>Procedure</intervention_type>
    <intervention_name>Photocoagulation Therapy</intervention_name>
  </intervention>
  <eligibility>
    <criteria>
      <textblock>
        Men and women must have been age 21 or older and willing to return for followup visits for&#xD;
        3 years following assignment into the appropriate group and randomization. Each of the four&#xD;
        groups has specific eligibility criteria. Patients with retinal vascular disease other than&#xD;
        that specified in the criteria, such as diabetic retinopathy, were ineligible. Patients&#xD;
        with macular disease other than that due to CVO were ineligible for that portion of the&#xD;
        study.&#xD;
      </textblock>
    </criteria>
    <gender>All</gender>
    <minimum_age>21 Years</minimum_age>
    <maximum_age>N/A</maximum_age>
    <healthy_volunteers>No</healthy_volunteers>
  </eligibility>
  <reference>
    <citation>Baseline and early natural history report. The Central Vein Occlusion Study. Arch Ophthalmol. 1993 Aug;111(8):1087-95.</citation>
    <PMID>7688950</PMID>
  </reference>
  <reference>
    <citation>Clarkson JG. Central Vein Occlusion Study: photographic protocol and early natural history. Trans Am Ophthalmol Soc. 1994;92:203-13; discussion 213-5.</citation>
    <PMID>7533959</PMID>
  </reference>
  <reference>
    <citation>Evaluation of grid pattern photocoagulation for macular edema in central vein occlusion. The Central Vein Occlusion Study Group M report. Ophthalmology. 1995 Oct;102(10):1425-33.</citation>
    <PMID>9097788</PMID>
  </reference>
  <reference>
    <citation>A randomized clinical trial of early panretinal photocoagulation for ischemic central vein occlusion. The Central Vein Occlusion Study Group N report. Ophthalmology. 1995 Oct;102(10):1434-44.</citation>
    <PMID>9097789</PMID>
  </reference>
  <reference>
    <citation>Natural history and clinical management of central retinal vein occlusion. The Central Vein Occlusion Study Group. Arch Ophthalmol. 1997 Apr;115(4):486-91. Erratum in: Arch Ophthalmol 1997 Oct;115(10):1275.</citation>
    <PMID>9109757</PMID>
  </reference>
  <verification_date>September 2009</verification_date>
  <study_first_submitted>September 23, 1999</study_first_submitted>
  <study_first_submitted_qc>September 23, 1999</study_first_submitted_qc>
  <study_first_posted type="Estimate">September 24, 1999</study_first_posted>
  <last_update_submitted>September 16, 2009</last_update_submitted>
  <last_update_submitted_qc>September 16, 2009</last_update_submitted_qc>
  <last_update_posted type="Estimate">September 17, 2009</last_update_posted>
  <keyword>Central Vein Occlusion</keyword>
  <keyword>Ischemic Retina</keyword>
  <condition_browse>
    <!-- CAUTION:  The following MeSH terms are assigned with an imperfect algorithm            -->
    <mesh_term>Retinal Vein Occlusion</mesh_term>
    <mesh_term>Retinal Diseases</mesh_term>
  </condition_browse>
  <!-- Results have not yet been posted for this study                                          -->
</clinical_study>

