<clinical_study>
  <!-- This xml conforms to an XML Schema at:
    https://clinicaltrials.gov/ct2/html/images/info/public.xsd -->
  <required_header>
    <download_date>ClinicalTrials.gov processed this data on April 27, 2021</download_date>
    <link_text>Link to the current ClinicalTrials.gov record.</link_text>
    <url>https://clinicaltrials.gov/show/NCT00000154</url>
  </required_header>
  <id_info>
    <org_study_id>NEI-56</org_study_id>
    <nct_id>NCT00000154</nct_id>
  </id_info>
  <brief_title>Diabetic Retinopathy Vitrectomy Study (DRVS)</brief_title>
  <sponsors>
    <lead_sponsor>
      <agency>National Eye Institute (NEI)</agency>
      <agency_class>NIH</agency_class>
    </lead_sponsor>
  </sponsors>
  <source>National Eye Institute (NEI)</source>
  <brief_summary>
    <textblock>
      To compare two therapies, early vitrectomy and conventional management, for recent severe&#xD;
      vitreous hemorrhage secondary to diabetic retinopathy. Conventional management includes&#xD;
      vitrectomy if hemorrhage fails to clear during a waiting period of 6 to 12 months or if&#xD;
      retinal detachment involving the center of the macula develops at any time.&#xD;
&#xD;
      To compare early vitrectomy and conventional management in eyes that have good vision but a&#xD;
      poor prognosis because they are threatened with hemorrhage or retinal detachment from very&#xD;
      severe proliferative retinopathy.&#xD;
&#xD;
      To study the natural history of severe proliferative diabetic retinopathy.&#xD;
    </textblock>
  </brief_summary>
  <detailed_description>
    <textblock>
      Vitrectomy may not only remove vitreous hemorrhage but also prevent or relieve traction on&#xD;
      the retina from contraction of the fibrovascular membranes that characterize severe&#xD;
      proliferative diabetic retinopathy. It is important to determine whether early intervention&#xD;
      with vitrectomy has a better visual outcome or instead produces a rate of serious&#xD;
      complications higher than the rate associated with conventional management.&#xD;
&#xD;
      Two randomized trials were carried out in the DRVS among patients ages 18 to 70 years who had&#xD;
      either insulin-dependent or non-insulin-dependent diabetes. In the first trial, the 616&#xD;
      patients who were recruited had severe visual loss from recent severe vitreous hemorrhage in&#xD;
      at least one eye. Eligible eyes were randomly assigned either to early vitrectomy or to&#xD;
      conventional management. In the conventional management group, vitrectomy was carried out 1&#xD;
      year later if hemorrhage persisted; vitrectomy was carried out sooner if retinal detachment&#xD;
      -involving the center of the macula occurred.&#xD;
&#xD;
      In the second trial, 381 patients were recruited, all of whom had severe fibrovascular&#xD;
      proliferations and useful vision in at least one eye. Eligible eyes were assigned either to&#xD;
      early vitrectomy or to conventional management. Conventional management included&#xD;
      photocoagulation when indicated, with vitrectomy if a severe vitreous hemorrhage occurred and&#xD;
      failed to clear spontaneously during a 6-month waiting period or if retinal detachment&#xD;
      involving the center of the macula -occurred. After randomization and treatment, all patients&#xD;
      were examined at 6-month intervals for 2 years and annually thereafter. Comparisons of visual&#xD;
      acuity distributions between experimental and control groups were made.&#xD;
    </textblock>
  </detailed_description>
  <overall_status>Completed</overall_status>
  <start_date>October 1976</start_date>
  <phase>Phase 3</phase>
  <study_type>Interventional</study_type>
  <has_expanded_access>No</has_expanded_access>
  <study_design_info>
    <allocation>Randomized</allocation>
    <primary_purpose>Treatment</primary_purpose>
  </study_design_info>
  <condition>Diabetic Retinopathy</condition>
  <condition>Retinal Detachment</condition>
  <condition>Vitreous Hemorrhage</condition>
  <intervention>
    <intervention_type>Procedure</intervention_type>
    <intervention_name>Vitrectomy</intervention_name>
  </intervention>
  <eligibility>
    <criteria>
      <textblock>
        Men and women eligible for the vitreous hemorrhage group had at least one eye with recent&#xD;
        severe vitreous hemorrhage (within 5 months) and visual acuity of 5/200 or less. Patients&#xD;
        eligible for the &quot;very severe proliferative retinopathy with useful vision&quot; group had&#xD;
        extensive active fibrovascular proliferations and visual acuity of 10/200 or better.&#xD;
      </textblock>
    </criteria>
    <gender>All</gender>
    <minimum_age>18 Years</minimum_age>
    <maximum_age>70 Years</maximum_age>
    <healthy_volunteers>No</healthy_volunteers>
  </eligibility>
  <reference>
    <citation>Two-year course of visual acuity in severe proliferative diabetic retinopathy with conventional management. Diabetic Retinopathy Vitrectomy Study (DRVS) report #1. Ophthalmology. 1985 Apr;92(4):492-502.</citation>
    <PMID>4000644</PMID>
  </reference>
  <reference>
    <citation>Early vitrectomy for severe vitreous hemorrhage in diabetic retinopathy. Two-year results of a randomized trial. Diabetic Retinopathy Vitrectomy Study report 2. The Diabetic Retinopathy Vitrectomy Study Research Group. Arch Ophthalmol. 1985 Nov;103(11):1644-52.</citation>
    <PMID>2865943</PMID>
  </reference>
  <reference>
    <citation>Early vitrectomy for severe proliferative diabetic retinopathy in eyes with useful vision. Results of a randomized trial--Diabetic Retinopathy Vitrectomy Study Report 3. The Diabetic Retinopathy Vitrectomy Study Research Group. Ophthalmology. 1988 Oct;95(10):1307-20.</citation>
    <PMID>2465517</PMID>
  </reference>
  <reference>
    <citation>Early vitrectomy for severe proliferative diabetic retinopathy in eyes with useful vision. Clinical application of results of a randomized trial--Diabetic Retinopathy Vitrectomy Study Report 4. The Diabetic Retinopathy Vitrectomy Study Research Group. Ophthalmology. 1988 Oct;95(10):1321-34.</citation>
    <PMID>2465518</PMID>
  </reference>
  <reference>
    <citation>Early vitrectomy for severe vitreous hemorrhage in diabetic retinopathy. Four-year results of a randomized trial: Diabetic Retinopathy Vitrectomy Study Report 5. Arch Ophthalmol. 1990 Jul;108(7):958-64. Erratum in: Arch Ophthalmol 1990 Oct;108(10):1452.</citation>
    <PMID>2196036</PMID>
  </reference>
  <verification_date>October 1999</verification_date>
  <study_first_submitted>September 23, 1999</study_first_submitted>
  <study_first_submitted_qc>September 23, 1999</study_first_submitted_qc>
  <study_first_posted type="Estimate">September 24, 1999</study_first_posted>
  <last_update_submitted>June 23, 2005</last_update_submitted>
  <last_update_submitted_qc>June 23, 2005</last_update_submitted_qc>
  <last_update_posted type="Estimate">June 24, 2005</last_update_posted>
  <condition_browse>
    <!-- CAUTION:  The following MeSH terms are assigned with an imperfect algorithm            -->
    <mesh_term>Retinal Diseases</mesh_term>
    <mesh_term>Diabetic Retinopathy</mesh_term>
    <mesh_term>Retinal Detachment</mesh_term>
    <mesh_term>Vitreous Hemorrhage</mesh_term>
    <mesh_term>Hemorrhage</mesh_term>
  </condition_browse>
  <!-- Results have not yet been posted for this study                                          -->
</clinical_study>

