<clinical_study>
  <!-- This xml conforms to an XML Schema at:
    https://clinicaltrials.gov/ct2/html/images/info/public.xsd -->
  <required_header>
    <download_date>ClinicalTrials.gov processed this data on April 27, 2021</download_date>
    <link_text>Link to the current ClinicalTrials.gov record.</link_text>
    <url>https://clinicaltrials.gov/show/NCT00000120</url>
  </required_header>
  <id_info>
    <org_study_id>NEI-19</org_study_id>
    <nct_id>NCT00000120</nct_id>
  </id_info>
  <brief_title>Clinical Trial of Eye Prophylaxis in the Newborn</brief_title>
  <sponsors>
    <lead_sponsor>
      <agency>National Eye Institute (NEI)</agency>
      <agency_class>NIH</agency_class>
    </lead_sponsor>
  </sponsors>
  <source>National Eye Institute (NEI)</source>
  <brief_summary>
    <textblock>
      To compare the effectiveness of silver nitrate drops, erythromycin ointment, or no medication&#xD;
      in preventing neonatal conjunctivitis caused by Chlamydia trachomatis and other eye&#xD;
      infections.&#xD;
&#xD;
      To compare side effects of the two prophylactic agents.&#xD;
    </textblock>
  </brief_summary>
  <detailed_description>
    <textblock>
      Sexually transmitted diseases are a major cause of neonatal eye infections. All 50 States&#xD;
      require some eye treatment at birth to prevent gonorrheal eye infections. Approximately 3 to&#xD;
      4 million Americans acquire a genital chlamydial infection each year, and more than 150,000&#xD;
      infants are born to mothers with chlamydial infections. These infants are at high risk of&#xD;
      developing conjunctivitis and pneumonia.&#xD;
&#xD;
      In the State of Washington, one of three treatments is presently required by law to help&#xD;
      prevent gonorrheal eye infection in newborn babies: 1 percent silver nitrate drops,&#xD;
      erythromycin ointment, or tetracycline ointment. Although all three treatments appear to&#xD;
      prevent eye infections from gonorrhea, silver nitrate and erythromycin may also partially&#xD;
      prevent chlamydial conjunctivitis. However, silver nitrate may irritate and damage the eyes&#xD;
      of newborns.&#xD;
&#xD;
      If it is not known whether the mother is infected, it may be better not to give the drugs&#xD;
      routinely. It could not be clearly established from the medical literature whether the risk&#xD;
      to infants from no treatment was higher or lower than the risk from receiving a prophylactic&#xD;
      agent. Many parents at low risk for gonorrhea prefer that no prophylaxis be given to their&#xD;
      newborns. Moreover, Great Britain, which used no eye prophylactic agents for newborns for the&#xD;
      25 years preceding the study, has rates of neonatal conjunctivitis similar to those in the&#xD;
      United States. For these reasons, the Washington State Board of Health granted this study an&#xD;
      exemption from the State law to allow the investigators to evaluate scientifically the risks&#xD;
      and benefits of no treatment.&#xD;
&#xD;
      The study was a randomized, double-masked clinical trials planned to include 1,200 infants&#xD;
      born over 3 years. The trial compared the efficacy of two treatment regimens (silver nitrate&#xD;
      and erythromycin) in two treatment groups to the outcomes in a control group receiving no&#xD;
      prophylaxis. (Erythromycin was chosen over tetracycline as the antibiotic in this study&#xD;
      because it is more commonly used in the United States for ocular prophylaxis.)&#xD;
&#xD;
      Women were recruited from the University of Washington Medical Center-associated obstetric&#xD;
      units. Among the 2,577 women eligible for possible participation, 758 enrolled. Of these&#xD;
      participants, 89 were not randomized. Among the 669 randomized women, 39 were not available&#xD;
      for personal observation. These 39 were equally distributed among the three prophylaxis&#xD;
      groups. In the final participant group, the infants of 630 women were evaluable.&#xD;
&#xD;
      The infants were randomly assigned to one of these three groups in the delivery room. Infants&#xD;
      without conjunctivitis were monitored for 2 months after delivery. Infants who developed&#xD;
      conjunctivitis were monitored for 2 months after successful treatment of their infection. The&#xD;
      study included extensive efforts to determine the etiology of the conjunctivitis and to find&#xD;
      nasolacrimal duct obstruction.&#xD;
    </textblock>
  </detailed_description>
  <overall_status>Completed</overall_status>
  <start_date>January 1985</start_date>
  <phase>Phase 3</phase>
  <study_type>Interventional</study_type>
  <has_expanded_access>No</has_expanded_access>
  <study_design_info>
    <allocation>Randomized</allocation>
    <primary_purpose>Treatment</primary_purpose>
    <masking>Double</masking>
  </study_design_info>
  <condition>Chlamydia Infections</condition>
  <condition>Ophthalmia Neonatorum</condition>
  <intervention>
    <intervention_type>Drug</intervention_type>
    <intervention_name>Erythromycin Ointment</intervention_name>
  </intervention>
  <intervention>
    <intervention_type>Drug</intervention_type>
    <intervention_name>Silver Nitrate Drops</intervention_name>
  </intervention>
  <eligibility>
    <criteria>
      <textblock>
        The study included male and female infants delivered at University Hospital in Seattle,&#xD;
        Washington. Women were recruited after the 28th week of pregnancy and had to be&#xD;
        English-speaking. In addition, they planned to stay at the hospital at least 48 hours&#xD;
        following delivery and lived in the greater Seattle metropolitan area. Infants were&#xD;
        eligible whether they were delivered vaginally or by cesarean section. Excluded from the&#xD;
        study were siblings of infants enrolled in the study, women who were culture-positive for&#xD;
        gonorrhea, infants receiving systemic antimicrobials for reasons other than conjunctivitis,&#xD;
        women receiving antimicrobials at the time of delivery, and families unlikely to be&#xD;
        available for followup after delivery.&#xD;
      </textblock>
    </criteria>
    <gender>All</gender>
    <minimum_age>N/A</minimum_age>
    <maximum_age>1 Year</maximum_age>
  </eligibility>
  <reference>
    <citation>Krohn MA, Hillier SL, Bell TA, Kronmal RA, Grayston JT. The bacterial etiology of conjunctivitis in early infancy. Eye Prophylaxis Study Group. Am J Epidemiol. 1993 Sep 1;138(5):326-32.</citation>
    <PMID>8356971</PMID>
  </reference>
  <reference>
    <citation>Bell TA, Grayston JT, Krohn MA, Kronmal RA. Randomized trial of silver nitrate, erythromycin, and no eye prophylaxis for the prevention of conjunctivitis among newborns not at risk for gonococcal ophthalmitis. Eye Prophylaxis Study Group. Pediatrics. 1993 Dec;92(6):755-60.</citation>
    <PMID>8233733</PMID>
  </reference>
  <verification_date>September 2009</verification_date>
  <study_first_submitted>September 23, 1999</study_first_submitted>
  <study_first_submitted_qc>September 23, 1999</study_first_submitted_qc>
  <study_first_posted type="Estimate">September 24, 1999</study_first_posted>
  <last_update_submitted>September 16, 2009</last_update_submitted>
  <last_update_submitted_qc>September 16, 2009</last_update_submitted_qc>
  <last_update_posted type="Estimate">September 17, 2009</last_update_posted>
  <keyword>Neonatal Conjunctivitis</keyword>
  <condition_browse>
    <!-- CAUTION:  The following MeSH terms are assigned with an imperfect algorithm            -->
    <mesh_term>Chlamydia Infections</mesh_term>
    <mesh_term>Ophthalmia Neonatorum</mesh_term>
  </condition_browse>
  <intervention_browse>
    <!-- CAUTION:  The following MeSH terms are assigned with an imperfect algorithm            -->
    <mesh_term>Erythromycin</mesh_term>
    <mesh_term>Erythromycin Estolate</mesh_term>
    <mesh_term>Erythromycin Ethylsuccinate</mesh_term>
    <mesh_term>Erythromycin stearate</mesh_term>
    <mesh_term>Silver Nitrate</mesh_term>
  </intervention_browse>
  <!-- Results have not yet been posted for this study                                          -->
</clinical_study>

