<clinical_study>
  <!-- This xml conforms to an XML Schema at:
    https://clinicaltrials.gov/ct2/html/images/info/public.xsd -->
  <required_header>
    <download_date>ClinicalTrials.gov processed this data on April 27, 2021</download_date>
    <link_text>Link to the current ClinicalTrials.gov record.</link_text>
    <url>https://clinicaltrials.gov/show/NCT00000108</url>
  </required_header>
  <id_info>
    <org_study_id>NCRR-M01RR00042-1647</org_study_id>
    <secondary_id>M01RR000042</secondary_id>
    <nct_id>NCT00000108</nct_id>
  </id_info>
  <brief_title>Effects of Training Intensity on the CHD Risk Factors in Postmenopausal Women</brief_title>
  <sponsors>
    <lead_sponsor>
      <agency>National Center for Research Resources (NCRR)</agency>
      <agency_class>NIH</agency_class>
    </lead_sponsor>
  </sponsors>
  <source>National Center for Research Resources (NCRR)</source>
  <brief_summary>
    <textblock>
      The purpose of this research is to find out whether training at different exercise&#xD;
      intensities reduces the risk of developing cardiovascular disease (CVD) to a different&#xD;
      extent. Heart attacks and stroke are the leading cause of death in older women. Reduced&#xD;
      variability of the heart rate and increased dips and swings in blood pressure are risks&#xD;
      factors that predict the chance of developing CVD as are increased levels of clotting protein&#xD;
      fibrinogen and plasminogen activator inhibitor 1, and high levels of LDL-cholesterol&#xD;
      (&gt;160mg/dl). We will be measuring all of these risk factors and any changes in your body fat&#xD;
      level before you start training and after 15 and 30 weeks of training in the form of walking.&#xD;
      At the present time the effects of exercise intensity on these factors are not well&#xD;
      understood. This study will add to the basic understanding of these issues and allow us to&#xD;
      recommend to postmenopausal women optimal exercise intensities to lose body fat and reduce&#xD;
      the risk of developing CVD.&#xD;
    </textblock>
  </brief_summary>
  <overall_status>Completed</overall_status>
  <phase>N/A</phase>
  <study_type>Interventional</study_type>
  <has_expanded_access>No</has_expanded_access>
  <study_design_info>
    <allocation>Randomized</allocation>
    <intervention_model>Parallel Assignment</intervention_model>
    <primary_purpose>Prevention</primary_purpose>
  </study_design_info>
  <condition>Cardiovascular Diseases</condition>
  <condition>Coronary Disease</condition>
  <intervention>
    <intervention_type>Behavioral</intervention_type>
    <intervention_name>Exercise</intervention_name>
  </intervention>
  <eligibility>
    <criteria>
      <textblock>
        Inclusion Criteria:&#xD;
&#xD;
          -  Postmenopausal and preferably on hormone replacement therapy&#xD;
&#xD;
          -  In good general health&#xD;
&#xD;
          -  Have a body mass index (BMI, weight in kg/height in m2) of between 25 and 40&#xD;
&#xD;
          -  Exercise less than 20 min/day two days a week&#xD;
      </textblock>
    </criteria>
    <gender>Female</gender>
    <minimum_age>50 Years</minimum_age>
    <maximum_age>65 Years</maximum_age>
    <healthy_volunteers>Accepts Healthy Volunteers</healthy_volunteers>
  </eligibility>
  <location>
    <facility>
      <name>3060G Central Campus Recreation Bldg 401 Washtenaw Ave.</name>
      <address>
        <city>Ann Arbor</city>
        <state>Michigan</state>
        <zip>48109-2214</zip>
        <country>United States</country>
      </address>
    </facility>
  </location>
  <location_countries>
    <country>United States</country>
  </location_countries>
  <verification_date>December 2003</verification_date>
  <study_first_submitted>January 18, 2000</study_first_submitted>
  <study_first_submitted_qc>January 18, 2000</study_first_submitted_qc>
  <study_first_posted type="Estimate">January 19, 2000</study_first_posted>
  <last_update_submitted>June 23, 2005</last_update_submitted>
  <last_update_submitted_qc>June 23, 2005</last_update_submitted_qc>
  <last_update_posted type="Estimate">June 24, 2005</last_update_posted>
  <keyword>exercise</keyword>
  <condition_browse>
    <!-- CAUTION:  The following MeSH terms are assigned with an imperfect algorithm            -->
    <mesh_term>Cardiovascular Diseases</mesh_term>
    <mesh_term>Coronary Disease</mesh_term>
  </condition_browse>
  <!-- Results have not yet been posted for this study                                          -->
</clinical_study>

