<clinical_study>
  <!-- This xml conforms to an XML Schema at:
    https://clinicaltrials.gov/ct2/html/images/info/public.xsd -->
  <required_header>
    <download_date>ClinicalTrials.gov processed this data on April 27, 2021</download_date>
    <link_text>Link to the current ClinicalTrials.gov record.</link_text>
    <url>https://clinicaltrials.gov/show/NCT00000115</url>
  </required_header>
  <id_info>
    <org_study_id>NEI-11</org_study_id>
    <nct_id>NCT00000115</nct_id>
  </id_info>
  <brief_title>Randomized Trial of Acetazolamide for Uveitis-Associated Cystoid Macular Edema</brief_title>
  <sponsors>
    <lead_sponsor>
      <agency>National Eye Institute (NEI)</agency>
      <agency_class>NIH</agency_class>
    </lead_sponsor>
  </sponsors>
  <source>National Eye Institute (NEI)</source>
  <brief_summary>
    <textblock>
      To test the efficacy of acetazolamide for the treatment of uveitis-associated cystoid macular&#xD;
      edema.&#xD;
    </textblock>
  </brief_summary>
  <detailed_description>
    <textblock>
      Uveitis, an intraocular inflammatory disease, is the cause of about 10 percent of visual&#xD;
      impairment in the United States. Uveitis may lead to many sight-threatening conditions,&#xD;
      including cataract, vitreal opacities, glaucoma, and, most commonly, cystoid macular edema.&#xD;
      Reduction of swelling or edema within the retina depends on the movement of fluid from the&#xD;
      retina through the choroid. A number of studies indicate that this process requires active&#xD;
      transport of fluid ions by the retinal pigment epithelium and may involve the carbonic&#xD;
      anhydrase system. Current treatment of uveitis-associated cystoid macular edema requires the&#xD;
      use of immunosuppressive or anti-inflammatory agents. However, many patients are either&#xD;
      resistant or intolerant to this therapy. Recent reports suggested that acetazolamide, a&#xD;
      carbonic anhydrase inhibitor that is used to lower intraocular pressure in some glaucoma&#xD;
      patients, might be safe and effective in reducing uveitis-associated cystoid macular edema.&#xD;
&#xD;
      Because the course of ocular inflammatory disease can be variable, a double-masked,&#xD;
      randomized, crossover trial was designed to test the efficacy of acetazolamide compared with&#xD;
      a placebo for the treatment of uveitis-associated cystoid macular edema. Randomized adult&#xD;
      patients received either oral acetazolamide sodium 500 mg or a matched placebo every 12 hours&#xD;
      for the first 4 weeks of the study. Children 8 years of age or older received a lesser dose&#xD;
      based on body weight. Following a 4-week period, during which no medication was given,&#xD;
      patients then received a 4-week course of the opposite medication. Primary end points&#xD;
      included reduction in cystoid macular edema (graded on fluorescein angiography) and&#xD;
      improvement in visual acuity (measured on standardized Early Treatment Diabetic Retinopathy&#xD;
      Study [ETDRS] charts). Laser acuity was also assessed as a secondary outcome variable.&#xD;
      Adverse effects of the acetazolamide therapy were monitored by clinical and laboratory&#xD;
      examinations.&#xD;
&#xD;
      A total of 40 patients were recruited for the study. Patients were seen at the beginning of&#xD;
      the study for baseline measurements and at 4, 8, and 12 weeks after enrollment into the&#xD;
      study.&#xD;
    </textblock>
  </detailed_description>
  <overall_status>Completed</overall_status>
  <start_date>December 1990</start_date>
  <completion_date type="Actual">June 1994</completion_date>
  <phase>Phase 2</phase>
  <study_type>Interventional</study_type>
  <has_expanded_access>No</has_expanded_access>
  <study_design_info>
    <allocation>Randomized</allocation>
    <intervention_model>Crossover Assignment</intervention_model>
    <primary_purpose>Treatment</primary_purpose>
    <masking>Double</masking>
  </study_design_info>
  <condition>Macular Edema, Cystoid</condition>
  <intervention>
    <intervention_type>Drug</intervention_type>
    <intervention_name>Acetazolamide</intervention_name>
  </intervention>
  <eligibility>
    <criteria>
      <textblock>
        Males and females 8 years of age or older and weighing at least 35 kg (77 lb) were eligible&#xD;
        for the study. Patients had to have a best corrected visual acuity of 20/40 or worse in at&#xD;
        least one eye with cystoid macular edema demonstrable on fluorescein angiography.&#xD;
&#xD;
        Patients were allowed to receive systemic therapy for their uveitis. Exclusion criteria&#xD;
        included current use of acetazolamide as part of a therapeutic regimen; a history of&#xD;
        hypersensitivity reactions to acetazolamide, sulfonamides, or angiography dye; unclear&#xD;
        ocular media that would obscure fluorescein angiography; macular subretinal&#xD;
        neovascularization or a macular hole; or inability to take acetazolamide for medical&#xD;
        reasons.&#xD;
      </textblock>
    </criteria>
    <gender>All</gender>
    <minimum_age>8 Years</minimum_age>
    <maximum_age>N/A</maximum_age>
  </eligibility>
  <reference>
    <citation>Whitcup SM, Csaky KG, Podgor MJ, Chew EY, Perry CH, Nussenblatt RB. A randomized, masked, cross-over trial of acetazolamide for cystoid macular edema in patients with uveitis. Ophthalmology. 1996 Jul;103(7):1054-62; discussion 1062-3.</citation>
    <PMID>8684794</PMID>
  </reference>
  <verification_date>September 2009</verification_date>
  <study_first_submitted>September 23, 1999</study_first_submitted>
  <study_first_submitted_qc>September 23, 1999</study_first_submitted_qc>
  <study_first_posted type="Estimate">September 24, 1999</study_first_posted>
  <last_update_submitted>September 16, 2009</last_update_submitted>
  <last_update_submitted_qc>September 16, 2009</last_update_submitted_qc>
  <last_update_posted type="Estimate">September 17, 2009</last_update_posted>
  <condition_browse>
    <!-- CAUTION:  The following MeSH terms are assigned with an imperfect algorithm            -->
    <mesh_term>Macular Edema</mesh_term>
    <mesh_term>Edema</mesh_term>
  </condition_browse>
  <intervention_browse>
    <!-- CAUTION:  The following MeSH terms are assigned with an imperfect algorithm            -->
    <mesh_term>Acetazolamide</mesh_term>
  </intervention_browse>
  <!-- Results have not yet been posted for this study                                          -->
</clinical_study>

