<clinical_study>
  <!-- This xml conforms to an XML Schema at:
    https://clinicaltrials.gov/ct2/html/images/info/public.xsd -->
  <required_header>
    <download_date>ClinicalTrials.gov processed this data on April 27, 2021</download_date>
    <link_text>Link to the current ClinicalTrials.gov record.</link_text>
    <url>https://clinicaltrials.gov/show/NCT00000107</url>
  </required_header>
  <id_info>
    <org_study_id>NCRR-M01RR00109-0737</org_study_id>
    <secondary_id>M01RR000109</secondary_id>
    <nct_id>NCT00000107</nct_id>
  </id_info>
  <brief_title>Body Water Content in Cyanotic Congenital Heart Disease</brief_title>
  <sponsors>
    <lead_sponsor>
      <agency>National Center for Research Resources (NCRR)</agency>
      <agency_class>NIH</agency_class>
    </lead_sponsor>
  </sponsors>
  <source>National Center for Research Resources (NCRR)</source>
  <brief_summary>
    <textblock>
      Adults with cyanotic congenital heart disease have elevated levels of plasma proatrial&#xD;
      natruretic peptide (proANP) which most likely results in chronic dehydration, leading to&#xD;
      reduced oxygen transport to tissues and shortness of breath with activity. The purpose of&#xD;
      this study is to characterize adults with cyanotic congenital heart defects with respect to&#xD;
      their body composition (water and fat-free mass) and resting metabolic rates. The study&#xD;
      consists of several measures of how much body water, fat and lean tissue a subject has, and&#xD;
      measures the number of calories the subject's body uses at rest. Adult subjects with cyanotic&#xD;
      congenital heart disease will be recruited along with healthy noncyanotic control subjects&#xD;
      matched for age, gender, and body weight.&#xD;
    </textblock>
  </brief_summary>
  <overall_status>Completed</overall_status>
  <study_type>Observational</study_type>
  <has_expanded_access>No</has_expanded_access>
  <study_design_info>
    <observational_model>Case-Control</observational_model>
  </study_design_info>
  <condition>Heart Defects, Congenital</condition>
  <eligibility>
    <criteria>
      <textblock>
        Inclusion Criteria:&#xD;
&#xD;
          -  Resting blood pressure below 140/90&#xD;
      </textblock>
    </criteria>
    <gender>All</gender>
    <minimum_age>17 Years</minimum_age>
    <maximum_age>60 Years</maximum_age>
    <healthy_volunteers>Accepts Healthy Volunteers</healthy_volunteers>
  </eligibility>
  <location>
    <facility>
      <name>University of Vermont</name>
      <address>
        <city>Burlington</city>
        <state>Vermont</state>
        <zip>05401</zip>
        <country>United States</country>
      </address>
    </facility>
  </location>
  <location_countries>
    <country>United States</country>
  </location_countries>
  <verification_date>December 2003</verification_date>
  <study_first_submitted>January 18, 2000</study_first_submitted>
  <study_first_submitted_qc>January 18, 2000</study_first_submitted_qc>
  <study_first_posted type="Estimate">January 19, 2000</study_first_posted>
  <last_update_submitted>June 23, 2005</last_update_submitted>
  <last_update_submitted_qc>June 23, 2005</last_update_submitted_qc>
  <last_update_posted type="Estimate">June 24, 2005</last_update_posted>
  <keyword>Cyanotic Congenital Heart Disease</keyword>
  <condition_browse>
    <!-- CAUTION:  The following MeSH terms are assigned with an imperfect algorithm            -->
    <mesh_term>Heart Defects, Congenital</mesh_term>
    <mesh_term>Congenital Abnormalities</mesh_term>
  </condition_browse>
  <!-- Results have not yet been posted for this study                                          -->
</clinical_study>

