<clinical_study>
  <!-- This xml conforms to an XML Schema at:
    https://clinicaltrials.gov/ct2/html/images/info/public.xsd -->
  <required_header>
    <download_date>ClinicalTrials.gov processed this data on April 27, 2021</download_date>
    <link_text>Link to the current ClinicalTrials.gov record.</link_text>
    <url>https://clinicaltrials.gov/show/NCT00000138</url>
  </required_header>
  <id_info>
    <org_study_id>NEI-37</org_study_id>
    <nct_id>NCT00000138</nct_id>
  </id_info>
  <brief_title>Herpetic Eye Disease Study (HEDS) I</brief_title>
  <sponsors>
    <lead_sponsor>
      <agency>National Eye Institute (NEI)</agency>
      <agency_class>NIH</agency_class>
    </lead_sponsor>
  </sponsors>
  <source>National Eye Institute (NEI)</source>
  <brief_summary>
    <textblock>
      To evaluate the efficacy of topical corticosteroids in treating herpes simplex stromal&#xD;
      keratitis in conjunction with topical trifluridine.&#xD;
&#xD;
      To evaluate the efficacy of oral acyclovir in treating herpes simplex stromal keratitis in&#xD;
      patients receiving concomitant topical corticosteroids and trifluridine.&#xD;
&#xD;
      To evaluate the efficacy of oral acyclovir in treating herpes simplex iridocyclitis in&#xD;
      conjunction with treatment with topical corticosteroids and trifluridine.&#xD;
    </textblock>
  </brief_summary>
  <detailed_description>
    <textblock>
      Herpes simplex keratitis is a leading cause of corneal opacification in the United States,&#xD;
      other industrialized countries, and developing nations throughout the world. An estimated&#xD;
      450,000 people in the United States can develop recurrent episodes of the disease and about&#xD;
      46,000 episodes of HSV eye infection every year. Herpetic eye disease is the most common&#xD;
      infectious cause of corneal blindness in this country.&#xD;
&#xD;
      Despite the availability of antiviral agents that are effective in treating herpes simplex&#xD;
      epithelial keratitis, inflammation in the corneal connective tissue and iris that can lead to&#xD;
      corneal scarring and visual impairment develops in many patients. Prior to the HEDS-I trials,&#xD;
      the role of topical corticosteroids in the management of HSV stromal keratitis was uncertain;&#xD;
      some animal and human studies suggested there was a benefit to treatment whereas others&#xD;
      suggested harm. The value of adding an oral antiviral agent to treatment with topical&#xD;
      corticosteroids and topical antivirals also was unknown.&#xD;
&#xD;
      The HEDS-I trials were developed to assess the efficacy of topical corticosteroids and oral&#xD;
      acyclovir in treating HSV stromal keratitis and iridocyclitis.&#xD;
&#xD;
      HEDS-I consisted of three randomized, placebo-controlled trials. The organizational structure&#xD;
      consisted of a data coordinating center and eight clinical centers.&#xD;
&#xD;
      All patients received the topical antiviral trifluridine as prophylaxis against recurrences&#xD;
      of HSV epithelial ulceration. Patients were evaluated weekly for 10 weeks, every other week&#xD;
      through week 16, and again at 6 months. The primary outcome was the time to development of&#xD;
      preset criteria for treatment failure during the 16-week period of examination.&#xD;
      Protocol-specific descriptions of the three trials follow.&#xD;
&#xD;
      Herpes Stromal Keratitis, Not on Steroid Trial (HEDS-SKN): Patients with active HSV stromal&#xD;
      keratitis who had not used a topical corticosteroid in the preceding 10 days were randomized&#xD;
      to treatment with topical prednisolone phosphate drops or topical placebo drops. A treatment&#xD;
      schedule, starting with 8 drops a day of 1 percent prednisolone phosphate for 7 days, was&#xD;
      progressively decreased over 10 weeks in such a way that patients received 1 drop per day of&#xD;
      1/8 percent prednisolone for the last 3 weeks of treatment. Placebo drops were given by the&#xD;
      same schedule.&#xD;
&#xD;
      Herpes Stromal Keratitis, on Steroid Treatment (HEDS-SKS): Patients with active HSV stromal&#xD;
      keratitis who already were being treated with a topical corticosteroid were randomized either&#xD;
      to oral treatment with 200 mg acyclovir capsules (400 mg five times daily) for 10 weeks or to&#xD;
      the identical dose of placebo capsules. Patients also received topical prednisolone phosphate&#xD;
      in the dosage schedule described above for the SKN trial.&#xD;
&#xD;
      Herpes Simplex Virus Iridocyclitis, Receiving Topical Steroids (HEDS-IRT): Patients with&#xD;
      active HSV iridocyclitis were randomized either to oral treatment with 200 mg acyclovir&#xD;
      capsules (400 mg five times daily) for 10 weeks or to the identical dose of placebo capsules.&#xD;
      Patients also received topical prednisolone phosphate in the dosage schedule described above&#xD;
      for the SKN trial.&#xD;
    </textblock>
  </detailed_description>
  <overall_status>Unknown status</overall_status>
  <last_known_status>Active, not recruiting</last_known_status>
  <start_date>May 1989</start_date>
  <phase>Phase 3</phase>
  <study_type>Interventional</study_type>
  <has_expanded_access>No</has_expanded_access>
  <study_design_info>
    <allocation>Randomized</allocation>
    <primary_purpose>Treatment</primary_purpose>
  </study_design_info>
  <condition>Keratitis, Herpetic</condition>
  <condition>Ocular Herpes Simplex</condition>
  <intervention>
    <intervention_type>Drug</intervention_type>
    <intervention_name>Prednisolone Phosphate</intervention_name>
  </intervention>
  <intervention>
    <intervention_type>Drug</intervention_type>
    <intervention_name>Acyclovir</intervention_name>
  </intervention>
  <eligibility>
    <criteria>
      <textblock>
        Eligibility criteria common to the three protocols included age 12 years or older, no&#xD;
        active HSV epithelial keratitis, no prior keratoplasty of the involved eye, and not&#xD;
        pregnant. Protocol-specific criteria are noted in the description above.&#xD;
      </textblock>
    </criteria>
    <gender>All</gender>
    <minimum_age>12 Years</minimum_age>
    <maximum_age>N/A</maximum_age>
    <healthy_volunteers>No</healthy_volunteers>
  </eligibility>
  <reference>
    <citation>Dawson CR. The herpetic Eye Disease Study. Arch Ophthalmol. 1990 Feb;108(2):191-2.</citation>
    <PMID>2405826</PMID>
  </reference>
  <reference>
    <citation>Dawson CR; Jones DB; Kaufman HE; Barron BA; Hauck WW; Wilhelmus KR; The Herpetic Eye Disease Study: Strategies of design and data analysis [Abstract]., Invest Ophthalmol Vis Sci 1990;31:553</citation>
  </reference>
  <reference>
    <citation>Dawson CR, Jones DB, Kaufman HE, Barron BA, Hauck WW, Wilhelmus KR. Design and organization of the herpetic eye disease study (HEDS). Curr Eye Res. 1991;10 Suppl:105-10.</citation>
    <PMID>1864086</PMID>
  </reference>
  <reference>
    <citation>Dawson CR; Jones DB; Wilhelmus KR; Kaufman HE; Barron BA; Hauck WW; Evaluation of corneal inflammatory disease: The Herpetic Eye Disease Study (HEDS) [Abstract]., Invest Ophthalmol Vis Sci 1991;32:1221</citation>
  </reference>
  <reference>
    <citation>Dawson CR; Hauck WW; Jones DB; Kaufman HE; Gee L; Barron BA; Wilhelmus KR; The Herpetic Eye Disease Study (HEDS). Clinical characteristics of randomized patients with herpetic stromal keratitis and iridocyclitis prior to initiating treatment [Abstract]., Invest Ophthalmol Vis 1992;33:1134</citation>
  </reference>
  <reference>
    <citation>Barron BA, Gee L, Hauck WW, Kurinij N, Dawson CR, Jones DB, Wilhelmus KR, Kaufman HE, Sugar J, Hyndiuk RA, et al. Herpetic Eye Disease Study. A controlled trial of oral acyclovir for herpes simplex stromal keratitis. Ophthalmology. 1994 Dec;101(12):1871-82.</citation>
    <PMID>7997323</PMID>
  </reference>
  <reference>
    <citation>Wilhelmus KR, Gee L, Hauck WW, Kurinij N, Dawson CR, Jones DB, Barron BA, Kaufman HE, Sugar J, Hyndiuk RA, et al. Herpetic Eye Disease Study. A controlled trial of topical corticosteroids for herpes simplex stromal keratitis. Ophthalmology. 1994 Dec;101(12):1883-95; discussion 1895-6.</citation>
    <PMID>7997324</PMID>
  </reference>
  <reference>
    <citation>A controlled trial of oral acyclovir for iridocyclitis caused by herpes simplex virus. The Herpetic Eye Disease Study Group. Arch Ophthalmol. 1996 Sep;114(9):1065-72.</citation>
    <PMID>8790090</PMID>
  </reference>
  <reference>
    <citation>Wilhelmus KR, Dawson CR, Barron BA, Bacchetti P, Gee L, Jones DB, Kaufman HE, Sugar J, Hyndiuk RA, Laibson PR, Stulting RD, Asbell PA. Risk factors for herpes simplex virus epithelial keratitis recurring during treatment of stromal keratitis or iridocyclitis. Herpetic Eye Disease Study Group. Br J Ophthalmol. 1996 Nov;80(11):969-72.</citation>
    <PMID>8976723</PMID>
  </reference>
  <verification_date>September 2009</verification_date>
  <study_first_submitted>September 23, 1999</study_first_submitted>
  <study_first_submitted_qc>September 23, 1999</study_first_submitted_qc>
  <study_first_posted type="Estimate">September 24, 1999</study_first_posted>
  <last_update_submitted>September 16, 2009</last_update_submitted>
  <last_update_submitted_qc>September 16, 2009</last_update_submitted_qc>
  <last_update_posted type="Estimate">September 17, 2009</last_update_posted>
  <keyword>Herpes Simplex Stromal Keratitis</keyword>
  <condition_browse>
    <!-- CAUTION:  The following MeSH terms are assigned with an imperfect algorithm            -->
    <mesh_term>Herpes Simplex</mesh_term>
    <mesh_term>Keratitis, Herpetic</mesh_term>
    <mesh_term>Keratitis</mesh_term>
  </condition_browse>
  <intervention_browse>
    <!-- CAUTION:  The following MeSH terms are assigned with an imperfect algorithm            -->
    <mesh_term>Acyclovir</mesh_term>
    <mesh_term>Prednisolone</mesh_term>
    <mesh_term>Methylprednisolone Acetate</mesh_term>
    <mesh_term>Methylprednisolone</mesh_term>
    <mesh_term>Methylprednisolone Hemisuccinate</mesh_term>
    <mesh_term>Prednisolone acetate</mesh_term>
    <mesh_term>Prednisolone hemisuccinate</mesh_term>
    <mesh_term>Prednisolone phosphate</mesh_term>
  </intervention_browse>
  <!-- Results have not yet been posted for this study                                          -->
</clinical_study>

