<clinical_study>
  <!-- This xml conforms to an XML Schema at:
    https://clinicaltrials.gov/ct2/html/images/info/public.xsd -->
  <required_header>
    <download_date>ClinicalTrials.gov processed this data on April 27, 2021</download_date>
    <link_text>Link to the current ClinicalTrials.gov record.</link_text>
    <url>https://clinicaltrials.gov/show/NCT00000112</url>
  </required_header>
  <id_info>
    <org_study_id>NCRR-M01RR06022-0029</org_study_id>
    <secondary_id>M01RR006022</secondary_id>
    <nct_id>NCT00000112</nct_id>
  </id_info>
  <brief_title>Prevalence of Carbohydrate Intolerance in Lean and Obese Children</brief_title>
  <sponsors>
    <lead_sponsor>
      <agency>National Center for Research Resources (NCRR)</agency>
      <agency_class>NIH</agency_class>
    </lead_sponsor>
  </sponsors>
  <source>National Center for Research Resources (NCRR)</source>
  <brief_summary>
    <textblock>
      The prevalence of obesity in children is reaching epidemic proportions. Excess adiposity is&#xD;
      more than just a cosmetic problem, having substantial metabolic consequences. Insulin&#xD;
      resistance, hyperinsulinemia, impaired glucose tolerance, and frank diabetes are often seen&#xD;
      in obese children. In this study the prevalence of impaired glucose (carbohydrate) tolerance&#xD;
      in lean children with a family history of diabetes and obese children with acanthosis&#xD;
      nigricans with or without a family history of diabetes mellitus will be studied.&#xD;
    </textblock>
  </brief_summary>
  <overall_status>Unknown status</overall_status>
  <last_known_status>Recruiting</last_known_status>
  <study_type>Observational</study_type>
  <has_expanded_access>No</has_expanded_access>
  <study_design_info>
    <observational_model>Defined Population</observational_model>
    <time_perspective>Other</time_perspective>
  </study_design_info>
  <condition>Obesity</condition>
  <condition>Glucose Intolerance</condition>
  <condition>Diabetes</condition>
  <condition>Acanthosis Nigricans</condition>
  <eligibility>
    <criteria>
      <textblock>
        Inclusion Criteria:&#xD;
&#xD;
          -  Obesity: BM +/- 95% for age general good health&#xD;
      </textblock>
    </criteria>
    <gender>All</gender>
    <minimum_age>8 Years</minimum_age>
    <maximum_age>18 Years</maximum_age>
    <healthy_volunteers>Accepts Healthy Volunteers</healthy_volunteers>
  </eligibility>
  <overall_contact>
    <last_name>Sonia Caprio, M.D.</last_name>
    <phone>1-203-764-5692</phone>
    <email>sonia.caprio@yale.edu</email>
  </overall_contact>
  <location>
    <facility>
      <name>Yale University School of Medicine, Pediatric Endocrinology</name>
      <address>
        <city>New Haven</city>
        <state>Connecticut</state>
        <zip>06520-8064</zip>
        <country>United States</country>
      </address>
    </facility>
    <status>Recruiting</status>
  </location>
  <location_countries>
    <country>United States</country>
  </location_countries>
  <verification_date>December 2003</verification_date>
  <study_first_submitted>January 18, 2000</study_first_submitted>
  <study_first_submitted_qc>January 18, 2000</study_first_submitted_qc>
  <study_first_posted type="Estimate">January 19, 2000</study_first_posted>
  <last_update_submitted>June 23, 2005</last_update_submitted>
  <last_update_submitted_qc>June 23, 2005</last_update_submitted_qc>
  <last_update_posted type="Estimate">June 24, 2005</last_update_posted>
  <condition_browse>
    <!-- CAUTION:  The following MeSH terms are assigned with an imperfect algorithm            -->
    <mesh_term>Acanthosis Nigricans</mesh_term>
    <mesh_term>Glucose Intolerance</mesh_term>
  </condition_browse>
  <!-- Results have not yet been posted for this study                                          -->
</clinical_study>

