<clinical_study>
  <!-- This xml conforms to an XML Schema at:
    https://clinicaltrials.gov/ct2/html/images/info/public.xsd -->
  <required_header>
    <download_date>ClinicalTrials.gov processed this data on April 27, 2021</download_date>
    <link_text>Link to the current ClinicalTrials.gov record.</link_text>
    <url>https://clinicaltrials.gov/show/NCT00000153</url>
  </required_header>
  <id_info>
    <org_study_id>NEI-55</org_study_id>
    <nct_id>NCT00000153</nct_id>
  </id_info>
  <brief_title>Krypton-Argon Regression of Neovascularization Study (KARNS)</brief_title>
  <sponsors>
    <lead_sponsor>
      <agency>National Eye Institute (NEI)</agency>
      <agency_class>NIH</agency_class>
    </lead_sponsor>
  </sponsors>
  <source>National Eye Institute (NEI)</source>
  <brief_summary>
    <textblock>
      To evaluate whether red krypton laser treatment is as effective at causing regression of&#xD;
      diabetic disc neovascularization as treatment with the blue-green argon laser, when both&#xD;
      lasers are used with identical panretinal photocoagulation patterns.&#xD;
&#xD;
      To assess the vision of study patients.&#xD;
&#xD;
      To test the feasibility of a prototype NEI-sponsored multicenter clinical trial in which&#xD;
      participating clinics are not financially reimbursed and in which both the Coordinating and&#xD;
      Fundus Photograph Reading Center functions are carried out by staff of the NEI Biometry and&#xD;
      Epidemiology Program.&#xD;
    </textblock>
  </brief_summary>
  <detailed_description>
    <textblock>
      The KARNS was a randomized clinical trial designed to compare the effectiveness of argon and&#xD;
      krypton laser photocoagulation in causing the regression of preexisting neovascularization on&#xD;
      the disc (NVD) in diabetic retinopathy. The main theoretical advantage for the krypton laser&#xD;
      in the treatment of diabetic retinopathy is that the red laser beam penetrates blood and may&#xD;
      be more effective in making burns in the pigment epithelium in eyes with vitreous hemorrhage.&#xD;
&#xD;
      The burns produced by the krypton laser in the retina are different from those produced by&#xD;
      the argon laser. Specifically, the burns from the krypton laser do not involve the inner&#xD;
      retina. Also, the krypton laser spares the nerve fiber layer near the macula. In contrast,&#xD;
      nerve fiber layer burns are common with the argon laser. Pigment epithelium and outer&#xD;
      segments are usually destroyed by both krypton and argon photocoagulation, but there is no&#xD;
      uptake of energy by the vascular tissues within the retina when krypton photocoagulation is&#xD;
      used. Further, krypton treatment is more effective in penetrating nuclear sclerosis of the&#xD;
      lens and can be used to treat some diabetic eyes with this condition that cannot be treated&#xD;
      with the argon laser.&#xD;
&#xD;
      In the KARNS, patients with diabetic retinopathy and NVD of one-third disc area or greater in&#xD;
      extent were assigned at random to either argon or krypton laser scatter photocoagulation&#xD;
      (panretinal photocoagulation). The null hypothesis was that each treatment would result in a&#xD;
      similar proportion of eyes having regression of the NVD by 3 months. The KARNS pilot study&#xD;
      affirmed the benefits of argon laser photocoagulation in the treatment of proliferative&#xD;
      diabetic retinopathy, as demonstrated in the NEI-supported Diabetic Retinopathy Study&#xD;
      conducted a decade ago. (See publication list.) The KARNS study sought to determine whether&#xD;
      use of the krypton laser could be as effective as the argon laser in causing regression of&#xD;
      diabetic neovascularization, but with fewer side effects (such as smaller loss of central&#xD;
      visual acuity).&#xD;
&#xD;
      Thirty-two nationwide clinical centers participated initially in this multicenter clinical&#xD;
      trial. Following the initial study examination, the baseline examination and fundus&#xD;
      photographs were obtained within 1 week before application of photocoagulation. Study&#xD;
      followup visits occurred at 3 months and 1 year after entry in the study. Additional visits&#xD;
      were scheduled as clinically necessary.&#xD;
&#xD;
      The specific techniques for photocoagulation were similar for both argon and krypton scatter&#xD;
      photocoagulation. Scatter (panretinal) photocoagulation consisted of 1,600 to 2,000 burns&#xD;
      placed 0.5 to 1 burn width apart. Burns of moderate intensity (whiteness) and 500 ??m in size&#xD;
      at the retina were required. The burns were applied to the retinal periphery no closer than 2&#xD;
      disc diameters from the center of the fovea and 500 ??m from the margin of the optic disc.&#xD;
&#xD;
      In December 1985, the Early Treatment Diabetic Retinopathy Study groups reported that focal&#xD;
      photocoagulation was effective in reducing the rates of moderate visual loss in patients with&#xD;
      clinically significant diabetic macular edema. The KARNS protocol was then changed to allow&#xD;
      focal treatment for clinically significant macular edema in all study participants and to&#xD;
      allow an eye that had previous focal photocoagulation for macular edema to become eligible&#xD;
      for study.&#xD;
&#xD;
      The study primary end point was regression of NVD, as assessed on the 3-month visit stereo&#xD;
      fundus photographs of the disc, to less than one-third disc area in extent. Secondary end&#xD;
      points included change in extent of NVD, change in visual acuity after photocoagulation,&#xD;
      development of fibrous tissue proliferation, and change or development of macular traction&#xD;
      lines.&#xD;
    </textblock>
  </detailed_description>
  <overall_status>Completed</overall_status>
  <start_date>December 1984</start_date>
  <phase>Phase 3</phase>
  <study_type>Interventional</study_type>
  <has_expanded_access>No</has_expanded_access>
  <study_design_info>
    <allocation>Randomized</allocation>
    <primary_purpose>Treatment</primary_purpose>
  </study_design_info>
  <condition>Diabetic Retinopathy</condition>
  <condition>Retinal Neovascularization</condition>
  <condition>Diabetes Mellitus</condition>
  <intervention>
    <intervention_type>Procedure</intervention_type>
    <intervention_name>Blue-Green Argon Laser Treatment</intervention_name>
  </intervention>
  <intervention>
    <intervention_type>Procedure</intervention_type>
    <intervention_name>Red Krypton Laser Treatment</intervention_name>
  </intervention>
  <eligibility>
    <criteria>
      <textblock>
        Men and women ages 18 through 79 diagnosed with diabetes mellitus and who had&#xD;
        neovascularization on the optic nerve head (NVD) were eligible. NVD in one or both eyes of&#xD;
        each patient had to be greater than or equal to DRS Standard Photograph 10A. NVD was&#xD;
        defined as new vessels on the surface of the retina, further forward in the vitreous cavity&#xD;
        over the disc, or within one disc diameter of the disc in any direction. Patient's ocular&#xD;
        media must have been clear enough for fundus photography, which allowed the extent of&#xD;
        neovascularization on the optic nerve head to be assessed. (If vitreous hemorrhage or other&#xD;
        media opacity prevented adequate visualization of the neovascularization, it would greatly&#xD;
        impair the ability to assess the effect of photocoagulation.) Another requirement for&#xD;
        patient eligibility was the presence of an area of at least three quadrants of the retina&#xD;
        in which full argon or krypton laser panretinal photocoagulation could be placed. (Vitreous&#xD;
        hemorrhage and/or traction retinal detachment that interfered with treatment was less than&#xD;
        one quadrant in extent.)&#xD;
      </textblock>
    </criteria>
    <gender>All</gender>
    <minimum_age>18 Years</minimum_age>
    <maximum_age>79 Years</maximum_age>
    <healthy_volunteers>No</healthy_volunteers>
  </eligibility>
  <reference>
    <citation>Ferris FL; Ferris FL; Ferris FL; Singerman LJ; Inexpensive collaborative research., Invest Ophthalmol Vis Sci 24 (suppl) 1983</citation>
  </reference>
  <reference>
    <citation>Davis MD; Singerman LJ; Ferris FL III; Passloff RW; Red krypton laser (RKL) versus blue-green argon laser (BGAL) treatment of proliferative diabetic retinopathy (PDR) with neovascularization of the disc (NVD)., Invest Ophthalmol Vis Sci 24 (suppl) 1983</citation>
  </reference>
  <reference>
    <citation>Randomized comparison of krypton versus argon scatter photocoagulation for diabetic disc neovascularization. The Krypton Argon Regression Neovascularization Study report number 1. Ophthalmology. 1993 Nov;100(11):1655-64.</citation>
    <PMID>8233391</PMID>
  </reference>
  <verification_date>October 1999</verification_date>
  <study_first_submitted>September 23, 1999</study_first_submitted>
  <study_first_submitted_qc>September 23, 1999</study_first_submitted_qc>
  <study_first_posted type="Estimate">September 24, 1999</study_first_posted>
  <last_update_submitted>June 23, 2005</last_update_submitted>
  <last_update_submitted_qc>June 23, 2005</last_update_submitted_qc>
  <last_update_posted type="Estimate">June 24, 2005</last_update_posted>
  <keyword>Diabetic Disc Neovascularization</keyword>
  <keyword>Optic Disk</keyword>
  <condition_browse>
    <!-- CAUTION:  The following MeSH terms are assigned with an imperfect algorithm            -->
    <mesh_term>Diabetic Retinopathy</mesh_term>
    <mesh_term>Retinal Neovascularization</mesh_term>
    <mesh_term>Neovascularization, Pathologic</mesh_term>
  </condition_browse>
  <!-- Results have not yet been posted for this study                                          -->
</clinical_study>

