<clinical_study>
  <!-- This xml conforms to an XML Schema at:
    https://clinicaltrials.gov/ct2/html/images/info/public.xsd -->
  <required_header>
    <download_date>ClinicalTrials.gov processed this data on April 27, 2021</download_date>
    <link_text>Link to the current ClinicalTrials.gov record.</link_text>
    <url>https://clinicaltrials.gov/show/NCT00000157</url>
  </required_header>
  <id_info>
    <org_study_id>NEI-59</org_study_id>
    <nct_id>NCT00000157</nct_id>
  </id_info>
  <brief_title>Randomized Trial of Aspirin and Cataracts in U.S. Physicians</brief_title>
  <sponsors>
    <lead_sponsor>
      <agency>National Eye Institute (NEI)</agency>
      <agency_class>NIH</agency_class>
    </lead_sponsor>
  </sponsors>
  <source>National Eye Institute (NEI)</source>
  <brief_summary>
    <textblock>
      To determine whether 325 mg of aspirin taken on -alternate days reduces the risk of&#xD;
      developing cataract among male U.S. physicians who were aged 40 to 84 in 1982.&#xD;
&#xD;
      To identify potential risk factors for cataract development, such as age, blood pressure,&#xD;
      blood cholesterol, height, diabetes, medication use, and history of previous eye trauma or&#xD;
      surgery.&#xD;
    </textblock>
  </brief_summary>
  <detailed_description>
    <textblock>
      Cataract is one of the most common causes of impaired vision as well as the third leading&#xD;
      cause of blindness in the United States. Cataract surgery is one of the safest and most&#xD;
      successful of all operations. The National Eye Institute has estimated that if the&#xD;
      progression of cataract could be slowed enough to delay the need for surgery by even 10&#xD;
      years, the current annual number could be reduced by 45 percent.&#xD;
&#xD;
      Little is known about the relative importance of various potential risk factors in the&#xD;
      development of cataract. Most current information on risk factors has come from anecdotal&#xD;
      reports or from relatively small case-control studies. One major project, the Framingham Eye&#xD;
      Study, has identified several factors that were significantly associated with subsequent&#xD;
      cataract formation, including diabetes and dietary factors. Diabetes has long been thought to&#xD;
      increase the risk of developing cataract.&#xD;
&#xD;
      Recently, aspirin has been proposed as a drug that can prevent cataract formation or slow its&#xD;
      progression. Aspirin may affect tryptophan levels in patients with cataract, or it may&#xD;
      inhibit aldose reductase, an enzyme associated with the development of diabetic cataract.&#xD;
      Thus, data from this study sought to determine whether one 325-mg aspirin tablet, taken on&#xD;
      alternate days, protects against cataract formation. The data also sought to reveal other&#xD;
      additional cataract risk factors that emerge after simultaneous controlling for other&#xD;
      variables.&#xD;
&#xD;
      The other primary objective of this trial was to assess the antioxidant effects of&#xD;
      beta-carotene (50 mg on alternate days) on cataract development. In addition, factors that&#xD;
      have been suggested to be cataractogenic were assessed in prospective cohort studies. These&#xD;
      factors included age, blood pressure, blood cholesterol, height, diabetes, medication use,&#xD;
      cigarette smoking, and history of previous eye trauma or surgery. In addition, the possible&#xD;
      associations between history of vitamin E and selenium intake and cataract were explored.&#xD;
&#xD;
      This trial was part of the Physicians Health Study, an ongoing, randomized,&#xD;
      placebo-controlled clinical trial of aspirin in the prevention of cardiovascular mortality&#xD;
      and of beta-carotene in the prevention of cancer. Following randomization, each of the 22,071&#xD;
      physicians enrolled was assigned to one of four groups to take either aspirin or its placebo&#xD;
      and beta-carotene or its placebo. Follow-up questionnaires were sent 6 and 12 months after&#xD;
      randomization and every 12 months thereafter. The randomized aspirin component of the trial&#xD;
      was terminated early (January 1988), after an average followup of approximately 5 years,&#xD;
      because of a statistically extreme 44 percent reduced risk of a first myocardial infarction&#xD;
      in the aspirin group.&#xD;
&#xD;
      Since this study is conducted by mail among physicians nationwide, examinations cannot be&#xD;
      performed on all patients to determine when they have reached an end point. Reported&#xD;
      diagnoses of cataract are confirmed by medical record review. The primary analysis will be of&#xD;
      incidence of cataract in the aspirin and placebo groups. In addition, the Cox proportional&#xD;
      hazards model will be used to determine whether there is a difference in time to cataract&#xD;
      diagnosis between the two groups. It has been postulated that the potent antioxidant&#xD;
      properties of beta-carotene might make it effective in preventing cataract development. The&#xD;
      investigators will thus determine whether there is a difference in the numbers of cataracts&#xD;
      between the beta-carotene/placebo groups and the aspirin/placebo groups.&#xD;
    </textblock>
  </detailed_description>
  <overall_status>Terminated</overall_status>
  <start_date>April 1982</start_date>
  <completion_date type="Actual">January 1988</completion_date>
  <phase>Phase 3</phase>
  <study_type>Interventional</study_type>
  <has_expanded_access>No</has_expanded_access>
  <study_design_info>
    <allocation>Randomized</allocation>
    <primary_purpose>Prevention</primary_purpose>
  </study_design_info>
  <condition>Cataract</condition>
  <intervention>
    <intervention_type>Drug</intervention_type>
    <intervention_name>Aspirin</intervention_name>
  </intervention>
  <eligibility>
    <criteria>
      <textblock>
        The study population consisted of 22,071 male U.S. physicians, aged 40 to 84 years in 1982,&#xD;
        with no history of myocardial infarction, cancer, kidney disease, renal disease, or any&#xD;
        other contraindication to the use of aspirin or beta-carotene, including regular use of&#xD;
        corticosteroids.&#xD;
      </textblock>
    </criteria>
    <gender>Male</gender>
    <minimum_age>40 Years</minimum_age>
    <maximum_age>84 Years</maximum_age>
    <healthy_volunteers>Accepts Healthy Volunteers</healthy_volunteers>
  </eligibility>
  <reference>
    <citation>Seddon JM, Christen WG, Manson JE, Buring JE, Sperduto RD, Hennekens CH. Low-dose aspirin and risks of cataract in a randomized trial of US physicians. Arch Ophthalmol. 1991 Feb;109(2):252-5.</citation>
    <PMID>1993037</PMID>
  </reference>
  <reference>
    <citation>Christen WG, Manson JE, Seddon JM, Glynn RJ, Buring JE, Rosner B, Hennekens CH. A prospective study of cigarette smoking and risk of cataract in men. JAMA. 1992 Aug 26;268(8):989-93.</citation>
    <PMID>1501324</PMID>
  </reference>
  <reference>
    <citation>Christen WG, Glynn RJ, Seddon JM, Manson JE, Buring JE, Hennekens CH. Confirmation of self-reported cataract in the Physicians' Health Study. Ophthalmic Epidemiol. 1994 Jun;1(2):85-91.</citation>
    <PMID>8790615</PMID>
  </reference>
  <reference>
    <citation>Manson JE, Christen WG, Seddon JM, Glynn RJ, Hennekens CH. A prospective study of alcohol consumption and risk of cataract. Am J Prev Med. 1994 May-Jun;10(3):156-61.</citation>
    <PMID>7917442</PMID>
  </reference>
  <reference>
    <citation>Seddon JM, Christen WG, Manson JE, LaMotte FS, Glynn RJ, Buring JE, Hennekens CH. The use of vitamin supplements and the risk of cataract among US male physicians. Am J Public Health. 1994 May;84(5):788-92.</citation>
    <PMID>8179050</PMID>
  </reference>
  <reference>
    <citation>Glynn RJ, Christen WG, Manson JE, Bernheimer J, Hennekens CH. Body mass index. An independent predictor of cataract. Arch Ophthalmol. 1995 Sep;113(9):1131-7.</citation>
    <PMID>7661746</PMID>
  </reference>
  <verification_date>September 2009</verification_date>
  <study_first_submitted>September 23, 1999</study_first_submitted>
  <study_first_submitted_qc>September 23, 1999</study_first_submitted_qc>
  <study_first_posted type="Estimate">September 24, 1999</study_first_posted>
  <last_update_submitted>September 16, 2009</last_update_submitted>
  <last_update_submitted_qc>September 16, 2009</last_update_submitted_qc>
  <last_update_posted type="Estimate">September 17, 2009</last_update_posted>
  <condition_browse>
    <!-- CAUTION:  The following MeSH terms are assigned with an imperfect algorithm            -->
    <mesh_term>Cataract</mesh_term>
  </condition_browse>
  <intervention_browse>
    <!-- CAUTION:  The following MeSH terms are assigned with an imperfect algorithm            -->
    <mesh_term>Aspirin</mesh_term>
  </intervention_browse>
  <!-- Results have not yet been posted for this study                                          -->
</clinical_study>

