<clinical_study>
  <!-- This xml conforms to an XML Schema at:
    https://clinicaltrials.gov/ct2/html/images/info/public.xsd -->
  <required_header>
    <download_date>ClinicalTrials.gov processed this data on April 27, 2021</download_date>
    <link_text>Link to the current ClinicalTrials.gov record.</link_text>
    <url>https://clinicaltrials.gov/show/NCT00000128</url>
  </required_header>
  <id_info>
    <org_study_id>NEI-27</org_study_id>
    <nct_id>NCT00000128</nct_id>
  </id_info>
  <brief_title>A Trial of Bifocals in Myopic Children With Esophoria</brief_title>
  <sponsors>
    <lead_sponsor>
      <agency>National Eye Institute (NEI)</agency>
      <agency_class>NIH</agency_class>
    </lead_sponsor>
  </sponsors>
  <source>National Eye Institute (NEI)</source>
  <brief_summary>
    <textblock>
      To test the hypothesis that correction with bifocal spectacle lenses rather than&#xD;
      single-vision lenses will slow the progression of myopia in children with near-point&#xD;
      esophoria. The primary outcome variable is cycloplegic refraction as measured with an&#xD;
      automated refractor. Axial length is measured with ultrasound in order to test the corollary&#xD;
      hypothesis that use of bifocals will slow ocular growth in these myopic children. We will&#xD;
      also examine the amount of close work performed by subjects and the degree of parental myopia&#xD;
      as factors that may influence myopia progression.&#xD;
    </textblock>
  </brief_summary>
  <detailed_description>
    <textblock>
      About 25 percent of all persons in the United States are myopic. The most common form of&#xD;
      myopia is childhood myopia, which begins after age 6 and progresses rapidly until age 16.&#xD;
      Myopia progression results from excessive growth of the eye, primarily by enlargement of the&#xD;
      vitreous chamber. Excessive elongation of the eye is a major risk factor for retinal&#xD;
      detachment.&#xD;
&#xD;
      Previous prospective studies failed to show that use of bifocals was effective in slowing&#xD;
      myopia progression. However, these studies did not separate subjects by near-point phoria&#xD;
      before randomization. Retrospective studies by David Goss indicated that bifocals slowed&#xD;
      myopia progression by almost 50 percent in children with near-point esophoria but had no&#xD;
      effect on children with exophoria.&#xD;
&#xD;
      A small, prospective pilot study, completed by the investigators of this trial, also&#xD;
      supported the hypothesis that bifocals slow myopia progression in children with near-point&#xD;
      esophoria. Thirty-two myopic children, all of whom showed near-point esophoria, were enrolled&#xD;
      in this 18-month study. Twenty-eight children completed the study, with 14 randomized into&#xD;
      bifocals and 14 into single-vision lenses. Cycloplegic automated refraction was performed&#xD;
      every 6 months. Over the course of the whole study, there was a small, statistically&#xD;
      insignificant difference in the rates of myopia progression: 0.57 diopters per year (D/yr)&#xD;
      (S.E. = 0.11) for those in single-vision lenses compared with 0.36 D/yr (S.E. = 0.12) for&#xD;
      those in bifocals (p = 0.26).&#xD;
&#xD;
      However, significant seasonal effects in myopia progression were demonstrated, and the&#xD;
      results also suggested that the beneficial effects of bifocals may take several months to&#xD;
      develop. During the first 6 months, which included most of the school year, myopia&#xD;
      progression was rapid in both the bifocal group (0.61 D/yr) and the single-vision group (0.68&#xD;
      D/yr). During the second 6 months, which included all of the summer vacation, myopia&#xD;
      progression was slow in both groups, 0.32 and 0.26 D/yr for bifocal wearers and single-vision&#xD;
      wearers, respectively. During the last 6 months, i.e., the second school year, myopia&#xD;
      progressed slowly in the bifocal wearers (0.37 D/yr) but rapidly (0.80 D/yr) in single-vision&#xD;
      wearers. A repeated-measure analysis of variance demonstrated a significant seasonal effect&#xD;
      (p &lt; 0.002) and a significant interaction between season and type of correction (p &lt; 0.043).&#xD;
&#xD;
      The apparent effectiveness of bifocals in children with near-point esophoria and the lack of&#xD;
      effectiveness in other children may be explained by a greater lag of accommodation in&#xD;
      children with esophoria. This lag might cause a slightly blurred retinal image that the&#xD;
      bifocal may sharpen. Other mechanisms might also be involved.&#xD;
&#xD;
      Eighty or more myopic children, all with near-point esophoria as measured at baseline with&#xD;
      von Graefe prisms through a current myopic correction placed in a phoropter, will be randomly&#xD;
      assigned to wear either single-vision spectacle lenses or lenses with +1.50 D add in a&#xD;
      flat-top 28-mm segment. Subjects will visit one of two sites, either a private optometry&#xD;
      practice in Tulsa or the optometry clinic at Northeastern State University, every 6 months.&#xD;
      Data collected at each visit will include automated refraction after cycloplegia with 1&#xD;
      percent tropicamide, biometry with A-scan, and estimates of the amount of study and other&#xD;
      close work by means of questionnaires administered to the subjects and their parents. We will&#xD;
      also obtain measures of the degree of myopia in the biological parents. The myopic correction&#xD;
      will be changed if the spherical component of the refraction in either eye has changed by 0.5&#xD;
      diopter or more or if any change in cylinder power or axis improves vision in either eye by&#xD;
      three letters or more. The study will continue for 30 months and will include six visits by&#xD;
      each subject.&#xD;
    </textblock>
  </detailed_description>
  <overall_status>Unknown status</overall_status>
  <last_known_status>Active, not recruiting</last_known_status>
  <start_date>June 1996</start_date>
  <phase>Phase 3</phase>
  <study_type>Interventional</study_type>
  <has_expanded_access>No</has_expanded_access>
  <study_design_info>
    <allocation>Randomized</allocation>
    <primary_purpose>Treatment</primary_purpose>
  </study_design_info>
  <condition>Myopia</condition>
  <condition>Strabismus</condition>
  <condition>Esophoria</condition>
  <intervention>
    <intervention_type>Device</intervention_type>
    <intervention_name>Bifocal Spectacle Lenses</intervention_name>
  </intervention>
  <eligibility>
    <criteria>
      <textblock>
        Boys must have been between 6 and 12 years of age; girls between 6 and 11 years of age. All&#xD;
        children must have had at least 0.5 diopters of myopia in both eyes, near-point esophoria,&#xD;
        at least 20/25 acuity in each eye, and 40 seconds of stereopsis and must have been free of&#xD;
        ocular disease or systemic disease that may have altered refraction. All subjects were&#xD;
        willing to wear bifocal spectacle lenses for 30 months.&#xD;
      </textblock>
    </criteria>
    <gender>All</gender>
    <minimum_age>6 Years</minimum_age>
    <maximum_age>12 Years</maximum_age>
  </eligibility>
  <reference>
    <citation>Fulk GW, Cyert LA. Can bifocals slow myopia progression? J Am Optom Assoc. 1996 Dec;67(12):749-54.</citation>
    <PMID>9286316</PMID>
  </reference>
  <reference>
    <citation>Fulk GW; Cyert LA; Parker DE; A 3-year clinical trial of bifocals to slow myopia progression in children with near-point esophoria: Baseline characteristics., Invest Ophthalmol Vis Sci 1997;38(4):S1158</citation>
  </reference>
  <reference>
    <citation>Fulk GW, Cyert LA, Parker DE. A randomized trial of the effect of single-vision vs. bifocal lenses on myopia progression in children with esophoria. Optom Vis Sci. 2000 Aug;77(8):395-401.</citation>
    <PMID>10966065</PMID>
  </reference>
  <verification_date>June 2002</verification_date>
  <study_first_submitted>September 23, 1999</study_first_submitted>
  <study_first_submitted_qc>September 23, 1999</study_first_submitted_qc>
  <study_first_posted type="Estimate">September 24, 1999</study_first_posted>
  <last_update_submitted>June 23, 2005</last_update_submitted>
  <last_update_submitted_qc>June 23, 2005</last_update_submitted_qc>
  <last_update_posted type="Estimate">June 24, 2005</last_update_posted>
  <keyword>Near-point Esophoria</keyword>
  <condition_browse>
    <!-- CAUTION:  The following MeSH terms are assigned with an imperfect algorithm            -->
    <mesh_term>Strabismus</mesh_term>
    <mesh_term>Esotropia</mesh_term>
  </condition_browse>
  <!-- Results have not yet been posted for this study                                          -->
</clinical_study>

