<clinical_study>
  <!-- This xml conforms to an XML Schema at:
    https://clinicaltrials.gov/ct2/html/images/info/public.xsd -->
  <required_header>
    <download_date>ClinicalTrials.gov processed this data on April 27, 2021</download_date>
    <link_text>Link to the current ClinicalTrials.gov record.</link_text>
    <url>https://clinicaltrials.gov/show/NCT00000151</url>
  </required_header>
  <id_info>
    <org_study_id>NEI-53</org_study_id>
    <nct_id>NCT00000151</nct_id>
  </id_info>
  <brief_title>Early Treatment Diabetic Retinopathy Study (ETDRS)</brief_title>
  <sponsors>
    <lead_sponsor>
      <agency>National Eye Institute (NEI)</agency>
      <agency_class>NIH</agency_class>
    </lead_sponsor>
  </sponsors>
  <source>National Eye Institute (NEI)</source>
  <brief_summary>
    <textblock>
      To evaluate the effectiveness of both argon laser photocoagulation and aspirin therapy in&#xD;
      delaying or preventing progression of early diabetic retinopathy to more severe stages of&#xD;
      visual loss and blindness.&#xD;
&#xD;
      To help determine the best time to initiate photocoagulation treatment in diabetic&#xD;
      retinopathy.&#xD;
&#xD;
      To monitor closely the effects of diabetes mellitus and of photocoagulation on visual&#xD;
      function.&#xD;
&#xD;
      To produce natural history data that can be used to identify risk factors and test etiologic&#xD;
      hypotheses in diabetic retinopathy.&#xD;
    </textblock>
  </brief_summary>
  <detailed_description>
    <textblock>
      ETDRS was a multicenter, randomized clinical trial designed to evaluate argon laser&#xD;
      photocoagulation and aspirin treatment in the management of patients with nonproliferative or&#xD;
      early proliferative diabetic retinopathy. A total of 3,711 patients were recruited to be&#xD;
      followed for a minimum of 4 years to provide long-term information on the risks and benefits&#xD;
      of the treatments under study.&#xD;
&#xD;
      The eligibility criteria for the ETDRS were designed to include a broad range of macular&#xD;
      edema severity, from a few small hard exudates within a disc diameter of the fovea with&#xD;
      normal visual acuity to extensive cystoid spaces with a visual acuity of 20/200. All study&#xD;
      patients had one eye randomly assigned to immediate photocoagulation and the other eye to&#xD;
      deferral of photocoagulation until high-risk proliferative retinopathy developed. During&#xD;
      followup, additional photocoagulation was allowed for any degree of macular edema within the&#xD;
      eligibility range, but additional photocoagulation was required only for edema involving or&#xD;
      threatening the center of the macula. The term &quot;clinically significant macular edema&quot; was&#xD;
      coined to designate this level of severity.&#xD;
&#xD;
      The trial use of aspirin therapy was based on clinical observation and on aspirin's possible&#xD;
      mechanisms of action. Previous observations of diabetic patients who were taking large doses&#xD;
      of aspirin for rheumatoid arthritis showed that the prevalence of retinopathy in this group&#xD;
      was lower than the prevalence that would be expected in the diabetic population at large.&#xD;
      Evidence suggested that diabetic patients have altered platelet aggregation and&#xD;
      disaggregation, which may contribute to the capillary closure seen in retinopathy. This&#xD;
      abnormality is reversed by aspirin in vitro . However, because of aspirin's other possible&#xD;
      mechanisms of action and its well-known side effects, such as allergic, idiosyncratic, and&#xD;
      intolerance reactions, the use of this therapy in the ETDRS was carefully controlled and&#xD;
      monitored.&#xD;
    </textblock>
  </detailed_description>
  <overall_status>Completed</overall_status>
  <start_date>December 1979</start_date>
  <phase>Phase 3</phase>
  <study_type>Interventional</study_type>
  <has_expanded_access>No</has_expanded_access>
  <study_design_info>
    <allocation>Randomized</allocation>
    <primary_purpose>Treatment</primary_purpose>
  </study_design_info>
  <condition>Blindness</condition>
  <condition>Diabetic Retinopathy</condition>
  <intervention>
    <intervention_type>Drug</intervention_type>
    <intervention_name>Aspirin</intervention_name>
  </intervention>
  <intervention>
    <intervention_type>Procedure</intervention_type>
    <intervention_name>Argon Laser Photocoagulation</intervention_name>
  </intervention>
  <eligibility>
    <criteria>
      <textblock>
        Men and women between the ages of 18 and 70 years with moderate or severe nonproliferative&#xD;
        diabetic retinopathy or mild proliferative retinopathy in both eyes, with no previous&#xD;
        photocoagulation treatment, and with visual acuity of 20/40 or better (20/200 or better if&#xD;
        macular edema is present) were eligible for this study.&#xD;
      </textblock>
    </criteria>
    <gender>All</gender>
    <minimum_age>18 Years</minimum_age>
    <maximum_age>70 Years</maximum_age>
    <healthy_volunteers>No</healthy_volunteers>
  </eligibility>
  <link>
    <url>http://www.nei.nih.gov/news/clinicalalerts/alert-etdrs.asp</url>
    <description>Clinical Alert to Ophthalmologists-Early Treatment Diabetic Retinopathy Study (ETDRS)</description>
  </link>
  <link>
    <url>http://www.nei.nih.gov/news/pressreleases/030993.asp</url>
    <description>NEI Press Release-ETDRS 5-Year Followup Data Released</description>
  </link>
  <link>
    <url>http://www.nei.nih.gov/news/pressreleases/edtrspressrelease.asp</url>
    <description>NEI Press Release-Laser Treatment Highly Effective in Treating Diabetic Retinopathy</description>
  </link>
  <reference>
    <citation>Treatment techniques and clinical guidelines for photocoagulation of diabetic macular edema. Early Treatment Diabetic Retinopathy Study Report Number 2. Early Treatment Diabetic Retinopathy Study Research Group. Ophthalmology. 1987 Jul;94(7):761-74.</citation>
    <PMID>3658348</PMID>
  </reference>
  <reference>
    <citation>Techniques for scatter and local photocoagulation treatment of diabetic retinopathy: Early Treatment Diabetic Retinopathy Study Report no. 3. The Early Treatment Diabetic Retinopathy Study Research Group. Int Ophthalmol Clin. 1987 Winter;27(4):254-64.</citation>
    <PMID>3692707</PMID>
  </reference>
  <reference>
    <citation>Early Treatment Diabetic Retinopathy Study design and baseline patient characteristics. ETDRS report number 7. Ophthalmology. 1991 May;98(5 Suppl):741-56.</citation>
    <PMID>2062510</PMID>
  </reference>
  <reference>
    <citation>Photocoagulation for diabetic macular edema. Early Treatment Diabetic Retinopathy Study report number 1. Early Treatment Diabetic Retinopathy Study research group. Arch Ophthalmol. 1985 Dec;103(12):1796-806.</citation>
    <PMID>2866759</PMID>
  </reference>
  <reference>
    <citation>Photocoagulation for diabetic macular edema: Early Treatment Diabetic Retinopathy Study Report no. 4. The Early Treatment Diabetic Retinopathy Study Research Group. Int Ophthalmol Clin. 1987 Winter;27(4):265-72.</citation>
    <PMID>3692708</PMID>
  </reference>
  <reference>
    <citation>Kinyoun J, Barton F, Fisher M, Hubbard L, Aiello L, Ferris F 3rd. Detection of diabetic macular edema. Ophthalmoscopy versus photography--Early Treatment Diabetic Retinopathy Study Report Number 5. The ETDRS Research Group. Ophthalmology. 1989 Jun;96(6):746-50; discussion 750-1.</citation>
    <PMID>2740076</PMID>
  </reference>
  <reference>
    <citation>Effects of aspirin treatment on diabetic retinopathy. ETDRS report number 8. Early Treatment Diabetic Retinopathy Study Research Group. Ophthalmology. 1991 May;98(5 Suppl):757-65.</citation>
    <PMID>2062511</PMID>
  </reference>
  <reference>
    <citation>Early photocoagulation for diabetic retinopathy. ETDRS report number 9. Early Treatment Diabetic Retinopathy Study Research Group. Ophthalmology. 1991 May;98(5 Suppl):766-85.</citation>
    <PMID>2062512</PMID>
  </reference>
  <reference>
    <citation>Grading diabetic retinopathy from stereoscopic color fundus photographs--an extension of the modified Airlie House classification. ETDRS report number 10. Early Treatment Diabetic Retinopathy Study Research Group. Ophthalmology. 1991 May;98(5 Suppl):786-806.</citation>
    <PMID>2062513</PMID>
  </reference>
  <reference>
    <citation>Classification of diabetic retinopathy from fluorescein angiograms. ETDRS report number 11. Early Treatment Diabetic Retinopathy Study Research Group. Ophthalmology. 1991 May;98(5 Suppl):807-22.</citation>
    <PMID>2062514</PMID>
  </reference>
  <reference>
    <citation>Fundus photographic risk factors for progression of diabetic retinopathy. ETDRS report number 12. Early Treatment Diabetic Retinopathy Study Research Group. Ophthalmology. 1991 May;98(5 Suppl):823-33.</citation>
    <PMID>2062515</PMID>
  </reference>
  <reference>
    <citation>Fluorescein angiographic risk factors for progression of diabetic retinopathy. ETDRS report number 13. Early Treatment Diabetic Retinopathy Study Research Group. Ophthalmology. 1991 May;98(5 Suppl):834-40.</citation>
    <PMID>2062516</PMID>
  </reference>
  <reference>
    <citation>Aspirin effects on mortality and morbidity in patients with diabetes mellitus. Early Treatment Diabetic Retinopathy Study report 14. ETDRS Investigators. JAMA. 1992 Sep 9;268(10):1292-300.</citation>
    <PMID>1507375</PMID>
  </reference>
  <reference>
    <citation>Chew EY, Williams GA, Burton TC, Barton FB, Remaley NA, Ferris FL 3rd. Aspirin effects on the development of cataracts in patients with diabetes mellitus. Early treatment diabetic retinopathy study report 16. Arch Ophthalmol. 1992 Mar;110(3):339-42.</citation>
    <PMID>1543449</PMID>
  </reference>
  <reference>
    <citation>Flynn HW Jr, Chew EY, Simons BD, Barton FB, Remaley NA, Ferris FL 3rd. Pars plana vitrectomy in the Early Treatment Diabetic Retinopathy Study. ETDRS report number 17. The Early Treatment Diabetic Retinopathy Study Research Group. Ophthalmology. 1992 Sep;99(9):1351-7.</citation>
    <PMID>1407968</PMID>
  </reference>
  <reference>
    <citation>Prior MJ, Prout T, Miller D, Ewart R, Kumar D. C-peptide and the classification of diabetes mellitus patients in the Early Treatment Diabetic Retinopathy Study. Report number 6. The ETDRS Research Group. Ann Epidemiol. 1993 Jan;3(1):9-17.</citation>
    <PMID>8287162</PMID>
  </reference>
  <reference>
    <citation>Chew EY, Klein ML, Murphy RP, Remaley NA, Ferris FL 3rd. Effects of aspirin on vitreous/preretinal hemorrhage in patients with diabetes mellitus. Early Treatment Diabetic Retinopathy Study report no. 20. Arch Ophthalmol. 1995 Jan;113(1):52-5.</citation>
    <PMID>7826294</PMID>
  </reference>
  <reference>
    <citation>Focal photocoagulation treatment of diabetic macular edema. Relationship of treatment effect to fluorescein angiographic and other retinal characteristics at baseline: ETDRS report no. 19. Early Treatment Diabetic Retinopathy Study Research Group. Arch Ophthalmol. 1995 Sep;113(9):1144-55.</citation>
    <PMID>7661748</PMID>
  </reference>
  <reference>
    <citation>Chew EY, Klein ML, Ferris FL 3rd, Remaley NA, Murphy RP, Chantry K, Hoogwerf BJ, Miller D. Association of elevated serum lipid levels with retinal hard exudate in diabetic retinopathy. Early Treatment Diabetic Retinopathy Study (ETDRS) Report 22. Arch Ophthalmol. 1996 Sep;114(9):1079-84.</citation>
    <PMID>8790092</PMID>
  </reference>
  <reference>
    <citation>Ferris F. Early photocoagulation in patients with either type I or type II diabetes. Trans Am Ophthalmol Soc. 1996;94:505-37.</citation>
    <PMID>8981711</PMID>
  </reference>
  <verification_date>October 2003</verification_date>
  <study_first_submitted>September 23, 1999</study_first_submitted>
  <study_first_submitted_qc>September 23, 1999</study_first_submitted_qc>
  <study_first_posted type="Estimate">September 24, 1999</study_first_posted>
  <last_update_submitted>September 1, 2006</last_update_submitted>
  <last_update_submitted_qc>September 1, 2006</last_update_submitted_qc>
  <last_update_posted type="Estimate">September 4, 2006</last_update_posted>
  <condition_browse>
    <!-- CAUTION:  The following MeSH terms are assigned with an imperfect algorithm            -->
    <mesh_term>Blindness</mesh_term>
    <mesh_term>Retinal Diseases</mesh_term>
    <mesh_term>Diabetic Retinopathy</mesh_term>
  </condition_browse>
  <intervention_browse>
    <!-- CAUTION:  The following MeSH terms are assigned with an imperfect algorithm            -->
    <mesh_term>Aspirin</mesh_term>
  </intervention_browse>
  <!-- Results have not yet been posted for this study                                          -->
</clinical_study>

