<clinical_study>
  <!-- This xml conforms to an XML Schema at:
    https://clinicaltrials.gov/ct2/html/images/info/public.xsd -->
  <required_header>
    <download_date>ClinicalTrials.gov processed this data on April 27, 2021</download_date>
    <link_text>Link to the current ClinicalTrials.gov record.</link_text>
    <url>https://clinicaltrials.gov/show/NCT00000133</url>
  </required_header>
  <id_info>
    <org_study_id>NEI-32</org_study_id>
    <nct_id>NCT00000133</nct_id>
  </id_info>
  <brief_title>Cryotherapy for Retinopathy of Prematurity (CRYO-ROP) - Outcome Study of Cryotherapy for Retinopathy of Prematurity</brief_title>
  <sponsors>
    <lead_sponsor>
      <agency>National Eye Institute (NEI)</agency>
      <agency_class>NIH</agency_class>
    </lead_sponsor>
  </sponsors>
  <source>National Eye Institute (NEI)</source>
  <brief_summary>
    <textblock>
      To determine the safety and efficacy of trans-scleral cryotherapy of the peripheral retina in&#xD;
      certain low birth-weight infants with retinopathy of prematurity (ROP) for reducing blindness&#xD;
      from ROP.&#xD;
&#xD;
      To determine the long-term outcome for eyes that had severe (&quot;threshold&quot;) ROP, both with and&#xD;
      without cryotherapy.&#xD;
    </textblock>
  </brief_summary>
  <detailed_description>
    <textblock>
      ROP is a disease of the eyes of prematurely born infants in which the retinal blood vessels&#xD;
      increase in number and branch excessively, sometimes leading to hemorrhage or scarring.&#xD;
      Before the establishment of this study in 1985, more than 500 infants annually were blinded&#xD;
      by ROP in the United States alone.&#xD;
&#xD;
      More than 30 years ago, the National Institutes of Health sponsored a clinical trial that&#xD;
      showed that if premature babies are given oxygen only as needed, the number of infants who&#xD;
      develop ROP drops dramatically. Subsequently, hospitals cut back on giving excessive oxygen&#xD;
      routinely to premature babies. But, with improvements in neonatal care over the last two&#xD;
      decades, the number of babies at risk is increasing as survival rates for smaller premature&#xD;
      infants improve. The lower the birth weight, the higher the incidence and severity of ROP.&#xD;
&#xD;
      In a more recent NEI-supported study at the University of Miami, blood oxygen levels of very&#xD;
      low birth-weight infants were monitored continuously by use of transcutaneous measurements as&#xD;
      long as oxygen therapy was needed. The study showed that there is no statistically&#xD;
      significant difference between the rates of ROP in infants monitored on continuous oxygen&#xD;
      therapy and in those monitored only when they were receiving oxygen in excess of 40 percent.&#xD;
&#xD;
      The Supplemental Therapeutic Oxygen for Prethreshold ROP (STOP-ROP) trial, also funded by the&#xD;
      NEI, studied whether a slight increase in oxygen therapy would prevent the progression of&#xD;
      moderate ROP to ROP severe enough to require surgical treatment. This intervention made&#xD;
      little or no difference in outcomes.&#xD;
&#xD;
      Likewise, another NEI-sponsored clinical trial (LIGHT-ROP) demonstrated absence of protective&#xD;
      effect on ROP by limiting light exposure to newborn premature infants. These studies have led&#xD;
      to the conclusion that factors other than oxygen or light exposure must be involved in&#xD;
      causing ROP.&#xD;
&#xD;
      In most infants who develop ROP, the disease spontaneously subsides, permitting development&#xD;
      of normal vision. But other infants who progress to a severe form of ROP are in danger of&#xD;
      becoming permanently blind. Although the cause of ROP is not fully explained, scientists are&#xD;
      seeking ways to treat ROP successfully and to find the right time in the progression of the&#xD;
      disease to use treatment. Cryotherapy, which destroys the fringe of the retina through&#xD;
      freezing, is the only treatment so far that has been demonstrated to provide substantial&#xD;
      benefit to these eyes.&#xD;
&#xD;
      The multicenter trial of cryotherapy for ROP enrolled more than 4,000 premature infants who&#xD;
      weighed no more than 1,250 grams at birth. This category of infants is at the greatest risk&#xD;
      of developing ROP. The eyes of the infants enrolled in the study were examined at&#xD;
      predetermined intervals while the subjects were still in the intensive care nursery. After&#xD;
      the pupils were dilated with eye drops, the eyes were examined by an ophthalmologist using a&#xD;
      binocular indirect ophthalmoscope to visualize the developing retina. The natural history of&#xD;
      the condition of each infant's retina was recorded. When examination disclosed the severe&#xD;
      form of ROP (threshold ROP) in both eyes, and the parents gave informed consent, one of the&#xD;
      infant's eyes was randomly selected to receive cryotherapy. In this technique, a cryoprobe&#xD;
      was used to freeze and thus destroy the peripheral extent of the retina, thereby arresting&#xD;
      the development of the blood vessels growing wildly toward it.&#xD;
&#xD;
      Outcome of the therapy was assessed at 3 months and 12 months following randomization by an&#xD;
      extensive examination that included photography of the interior of both the treated and the&#xD;
      control eyes. The 12-month exam also measured visual function with preferential-looking&#xD;
      techniques. Such measurements allowed correlations between fundus photographs and visual&#xD;
      function and a comparison of visual function for treated versus control eyes. Neither the&#xD;
      trained photograph readers who evaluated the pictures from both eyes nor the specially&#xD;
      trained vision testers knew which eyes had received cryotherapy. Additional assessments of&#xD;
      visual acuity and retinal status have been made approximately each year up to the present.&#xD;
      Currently (2001), preparations are being made for a 15-year outcome study that will conclude&#xD;
      by 2003.&#xD;
    </textblock>
  </detailed_description>
  <overall_status>Completed</overall_status>
  <start_date>January 1986</start_date>
  <completion_date type="Actual">August 2003</completion_date>
  <phase>N/A</phase>
  <study_type>Interventional</study_type>
  <has_expanded_access>No</has_expanded_access>
  <study_design_info>
    <allocation>Randomized</allocation>
  </study_design_info>
  <condition>Retinopathy of Prematurity</condition>
  <intervention>
    <intervention_type>Procedure</intervention_type>
    <intervention_name>Trans-scleral Cryotherapy</intervention_name>
  </intervention>
  <eligibility>
    <criteria>
      <textblock>
        Premature infants of either gender who were eligible for the natural history study had&#xD;
        weighed less than 1,251 grams at birth and had survived the first 28 days of life. They had&#xD;
        no major ocular or systemic congenital anomalies. Infants who met these criteria and also&#xD;
        had a threshold level of ROP (defined as stage 3+ of the International Classification of&#xD;
        Retinopathy of Prematurity occupying five or more contiguous or eight cumulative 30 degree&#xD;
        sectors [clock hours] of stage 3 ROP in zone I or II in the presence of plus disease) could&#xD;
        be referred for examination to determine eligibility for entry to the cryotherapy trial.&#xD;
      </textblock>
    </criteria>
    <gender>All</gender>
    <minimum_age>N/A</minimum_age>
    <maximum_age>1 Year</maximum_age>
    <healthy_volunteers>No</healthy_volunteers>
  </eligibility>
  <location>
    <facility>
      <name>Alabama Ophthalmology Associates, P.C.</name>
      <address>
        <city>Birmingham</city>
        <state>Alabama</state>
        <country>United States</country>
      </address>
    </facility>
  </location>
  <location>
    <facility>
      <name>Private practice of David Plotsky, MD</name>
      <address>
        <city>Washington</city>
        <state>District of Columbia</state>
        <country>United States</country>
      </address>
    </facility>
  </location>
  <location>
    <facility>
      <name>Retina Group of Washington</name>
      <address>
        <city>Washington</city>
        <state>District of Columbia</state>
        <country>United States</country>
      </address>
    </facility>
  </location>
  <location>
    <facility>
      <name>Bascom Palmer Eye Institute, University of Miami School of Medicine</name>
      <address>
        <city>Miami</city>
        <state>Florida</state>
        <country>United States</country>
      </address>
    </facility>
  </location>
  <location>
    <facility>
      <name>University of Illinois Eye and Ear Infirmary</name>
      <address>
        <city>Chicago</city>
        <state>Illinois</state>
        <country>United States</country>
      </address>
    </facility>
  </location>
  <location>
    <facility>
      <name>Department of Ophthalmology, Indiana University School of Medicine</name>
      <address>
        <city>Indianapolis</city>
        <state>Indiana</state>
        <country>United States</country>
      </address>
    </facility>
  </location>
  <location>
    <facility>
      <name>Kentucky Lions Eye Research Institute, University of Louisville</name>
      <address>
        <city>Louisville</city>
        <state>Kentucky</state>
        <country>United States</country>
      </address>
    </facility>
  </location>
  <location>
    <facility>
      <name>Department of Ophthalmology, Tulane University School of Medicine</name>
      <address>
        <city>New Orleans</city>
        <state>Louisiana</state>
        <country>United States</country>
      </address>
    </facility>
  </location>
  <location>
    <facility>
      <name>Wilmer Eye Institute, The Johns Hopkins Medical Institutions</name>
      <address>
        <city>Baltimore</city>
        <state>Maryland</state>
        <country>United States</country>
      </address>
    </facility>
  </location>
  <location>
    <facility>
      <name>Private practice of John D. Baker, MD</name>
      <address>
        <city>Dearborn</city>
        <state>Michigan</state>
        <country>United States</country>
      </address>
    </facility>
  </location>
  <location>
    <facility>
      <name>Associated Retinal Consultants, P.C.</name>
      <address>
        <city>Royal Oak</city>
        <state>Michigan</state>
        <country>United States</country>
      </address>
    </facility>
  </location>
  <location>
    <facility>
      <name>Department of Ophthalmology, University of Minnesota</name>
      <address>
        <city>Minneapolis</city>
        <state>Minnesota</state>
        <country>United States</country>
      </address>
    </facility>
  </location>
  <location>
    <facility>
      <name>Strong Children's Hospital, University of Rochester Medical Center</name>
      <address>
        <city>Rochester</city>
        <state>New York</state>
        <country>United States</country>
      </address>
    </facility>
  </location>
  <location>
    <facility>
      <name>Duke University Medical Center</name>
      <address>
        <city>Durham</city>
        <state>North Carolina</state>
        <country>United States</country>
      </address>
    </facility>
  </location>
  <location>
    <facility>
      <name>Private Practice of Miles J. Burke, MD</name>
      <address>
        <city>Cincinnati</city>
        <state>Ohio</state>
        <country>United States</country>
      </address>
    </facility>
  </location>
  <location>
    <facility>
      <name>Columbus Children's Hospital</name>
      <address>
        <city>Columbus</city>
        <state>Ohio</state>
        <country>United States</country>
      </address>
    </facility>
  </location>
  <location>
    <facility>
      <name>Oregon Health &amp; Science University, Casey Eye Institute</name>
      <address>
        <city>Portland</city>
        <state>Oregon</state>
        <country>United States</country>
      </address>
    </facility>
  </location>
  <location>
    <facility>
      <name>Children's Hospital of Philadelphia, Division of Pediatric Ophthalmology</name>
      <address>
        <city>Philadelphia</city>
        <state>Pennsylvania</state>
        <country>United States</country>
      </address>
    </facility>
  </location>
  <location>
    <facility>
      <name>Pediatric Ophthalmology and Strabismus, Inc.</name>
      <address>
        <city>Pittsburgh</city>
        <state>Pennsylvania</state>
        <country>United States</country>
      </address>
    </facility>
  </location>
  <location>
    <facility>
      <name>Storm Eye Institute, Medical University of South Carolina</name>
      <address>
        <city>Charleston</city>
        <state>South Carolina</state>
        <country>United States</country>
      </address>
    </facility>
  </location>
  <location>
    <facility>
      <name>Department of Ophthalmology, Vanderbilt University Medical Center</name>
      <address>
        <city>Nashville</city>
        <state>Tennessee</state>
        <country>United States</country>
      </address>
    </facility>
  </location>
  <location>
    <facility>
      <name>Private practice of Rand Spencer, M.D.</name>
      <address>
        <city>Dallas</city>
        <state>Texas</state>
        <country>United States</country>
      </address>
    </facility>
  </location>
  <location>
    <facility>
      <name>University of Texas Health Science Center, San Antonio, Department of Ophthalmology</name>
      <address>
        <city>San Antonio</city>
        <state>Texas</state>
        <country>United States</country>
      </address>
    </facility>
  </location>
  <location>
    <facility>
      <name>John Moran Eye Center</name>
      <address>
        <city>Salt Lake City</city>
        <state>Utah</state>
        <country>United States</country>
      </address>
    </facility>
  </location>
  <location_countries>
    <country>United States</country>
  </location_countries>
  <link>
    <url>http://www.nei.nih.gov/news/clinicalalerts/alert-cryorop.asp</url>
    <description>Clinical Alert to Pediatric Ophthalmologists, Retinal Specialists, Neonatologists, and Directors of Neonatal Intensive Care Units</description>
  </link>
  <link>
    <url>http://www.nei.nih.gov/news/pressreleases/roppressrelease.asp</url>
    <description>NEI Press Release-Freeze Treatment Reduces Blindness in Premature Infants</description>
  </link>
  <link>
    <url>http://www.nei.nih.gov/news/pressreleases/041496.asp</url>
    <description>NIH Press Release-Study Confirms Value Of Treatment To Prevent Blindness In Premature Babies</description>
  </link>
  <reference>
    <citation>Multicenter trial of cryotherapy for retinopathy of prematurity: preliminary results. Cryotherapy for Retinopathy of Prematurity Cooperative Group. Pediatrics. 1988 May;81(5):697-706.</citation>
    <PMID>2895910</PMID>
  </reference>
  <reference>
    <citation>Multicenter trial of cryotherapy for retinopathy of prematurity. Three-month outcome. Cryotherapy for Retinopathy of Prematurity Cooperative Group. Arch Ophthalmol. 1990 Feb;108(2):195-204.</citation>
    <PMID>2405827</PMID>
  </reference>
  <reference>
    <citation>Dobson V, Quinn GE, Biglan AW, Tung B, Flynn JT, Palmer EA. Acuity card assessment of visual function in the cryotherapy for retinopathy of prematurity trial. Invest Ophthalmol Vis Sci. 1990 Sep;31(9):1702-8.</citation>
    <PMID>2211019</PMID>
  </reference>
  <reference>
    <citation>Watzke RC, Robertson JE Jr, Palmer EA, Wallace PR, Evans MS, Soldevilla JE. Photographic grading in the retinopathy of prematurity cryotherapy trial. Arch Ophthalmol. 1990 Jul;108(7):950-5.</citation>
    <PMID>2369354</PMID>
  </reference>
  <reference>
    <citation>Hardy RJ, Davis BR, Palmer EA, Tung B. Statistical considerations in terminating randomization in the Multicenter Trial of Cryotherapy for Retinopathy of Prematurity. Cryotherapy for Retinopathy of Prematurity Cooperative Group. Control Clin Trials. 1991 Apr;12(2):293-303.</citation>
    <PMID>1645641</PMID>
  </reference>
  <reference>
    <citation>Palmer EA, Flynn JT, Hardy RJ, Phelps DL, Phillips CL, Schaffer DB, Tung B. Incidence and early course of retinopathy of prematurity. The Cryotherapy for Retinopathy of Prematurity Cooperative Group. Ophthalmology. 1991 Nov;98(11):1628-40.</citation>
    <PMID>1800923</PMID>
  </reference>
  <reference>
    <citation>Palmer EA, Hardy RJ, Davis BR, Stein JA, Mowery RL, Tung B, Phelps DL, Schaffer DB, Flynn JT, Phillips CL. Operational aspects of terminating randomization in the Multicenter Trial of Cryotherapy for Retinopathy of Prematurity. Cryotherapy for Retinopathy of Prematurity Cooperative Group. Control Clin Trials. 1991 Apr;12(2):277-92.</citation>
    <PMID>1645640</PMID>
  </reference>
  <reference>
    <citation>Phelps DL, Brown DR, Tung B, Cassady G, McClead RE, Purohit DM, Palmer EA. 28-day survival rates of 6676 neonates with birth weights of 1250 grams or less. Pediatrics. 1991 Jan;87(1):7-17.</citation>
    <PMID>1984621</PMID>
  </reference>
  <reference>
    <citation>Quinn GE, Dobson V, Barr CC, Davis BR, Flynn JT, Palmer EA, Robertson J, Trese MT. Visual acuity in infants after vitrectomy for severe retinopathy of prematurity. Ophthalmology. 1991 Jan;98(1):5-13. Erratum in: Ophthalmology. 1991 Jul;98(7):1005.</citation>
    <PMID>2023732</PMID>
  </reference>
  <reference>
    <citation>Gilbert WS, Dobson V, Quinn GE, Reynolds J, Tung B, Flynn JT. The correlation of visual function with posterior retinal structure in severe retinopathy of prematurity. Cryotherapy for Retinopathy of Prematurity Cooperative Group. Arch Ophthalmol. 1992 May;110(5):625-31.</citation>
    <PMID>1580837</PMID>
  </reference>
  <reference>
    <citation>Quinn GE, Dobson V, Repka MX, Reynolds J, Kivlin J, Davis B, Buckley E, Flynn JT, Palmer EA. Development of myopia in infants with birth weights less than 1251 grams. The Cryotherapy for Retinopathy of Prematurity Cooperative Group. Ophthalmology. 1992 Mar;99(3):329-40.</citation>
    <PMID>1565444</PMID>
  </reference>
  <reference>
    <citation>Summers G, Phelps DL, Tung B, Palmer EA. Ocular cosmesis in retinopathy of prematurity. The Cryotherapy for Retinopathy of Prematurity Cooperative Group. Arch Ophthalmol. 1992 Aug;110(8):1092-7.</citation>
    <PMID>1497522</PMID>
  </reference>
  <reference>
    <citation>Trueb L; Evans J; Hammel A; Bartholomew P; Dobson D; Assessing visual acuity of visually impaired children using the Teller acuity cards., Am Orthoptic J 1992;42:149-154</citation>
  </reference>
  <reference>
    <citation>Multicenter trial of cryotherapy for retinopathy of prematurity. 3 1/2-year outcome--structure and function. Cryotherapy for Retinopathy of Prematurity Cooperative Group. Arch Ophthalmol. 1993 Mar;111(3):339-44.</citation>
    <PMID>8447743</PMID>
  </reference>
  <reference>
    <citation>Evans MS; Wallace PR; Palmer EA; Fundus photography in small infants., J Ophthal Photography 1993;15(1):38-39</citation>
  </reference>
  <reference>
    <citation>Reynolds J, Dobson V, Quinn GE, Gilbert WS, Tung B, Robertson J, Flynn JT. Prediction of visual function in eyes with mild to moderate posterior pole residua of retinopathy of prematurity. Cryotherapy for Retinopathy of Prematurity Cooperative Group. Arch Ophthalmol. 1993 Aug;111(8):1050-6.</citation>
    <PMID>8352687</PMID>
  </reference>
  <reference>
    <citation>Schaffer DB, Palmer EA, Plotsky DF, Metz HS, Flynn JT, Tung B, Hardy RJ. Prognostic factors in the natural course of retinopathy of prematurity. The Cryotherapy for Retinopathy of Prematurity Cooperative Group. Ophthalmology. 1993 Feb;100(2):230-7.</citation>
    <PMID>8437832</PMID>
  </reference>
  <reference>
    <citation>The natural ocular outcome of premature birth and retinopathy. Status at 1 year. Cryotherapy for Retinopathy of Prematurity Cooperative Group. Arch Ophthalmol. 1994 Jul;112(7):903-12.</citation>
    <PMID>8031269</PMID>
  </reference>
  <reference>
    <citation>Dobson V, Quinn GE, Summers CG, Saunders RA, Phelps DL, Tung B, Palmer EA. Effect of acute-phase retinopathy of prematurity on grating acuity development in the very low birth weight infant. The Cryotherapy for Retinopathy of Prematurity Cooperative Group. Invest Ophthalmol Vis Sci. 1994 Dec;35(13):4236-44.</citation>
    <PMID>8002243</PMID>
  </reference>
  <reference>
    <citation>Dobson V, Quinn GE, Saunders RA, Spencer R, Davis BR, Risser J, Palmer EA. Grating visual acuity in eyes with retinal residua of retinopathy of prematurity. The Cryotherapy for Retinopathy of Prematurity Cooperative Group. Arch Ophthalmol. 1995 Sep;113(9):1172-7.</citation>
    <PMID>7661752</PMID>
  </reference>
  <reference>
    <citation>Dobson V, Quinn GE, Tung B, Palmer EA, Reynolds JD. Comparison of recognition and grating acuities in very-low-birth-weight children with and without retinal residua of retinopathy of prematurity. Cryotherapy for Retinopathy of Prematurity Cooperative Group. Invest Ophthalmol Vis Sci. 1995 Mar;36(3):692-702.</citation>
    <PMID>7890499</PMID>
  </reference>
  <reference>
    <citation>Kivlin JD, Biglan AW, Gordon RA, Dobson V, Hardy RA, Palmer EA, Tung B, Gilbert W, Spencer R, Cheng KP, Buckley E. Early retinal vessel development and iris vessel dilatation as factors in retinopathy of prematurity. Cryotherapy for Retinopathy of Prematurity (CRYO-ROP) Cooperative Group. Arch Ophthalmol. 1996 Feb;114(2):150-4.</citation>
    <PMID>8573016</PMID>
  </reference>
  <reference>
    <citation>Quinn GE, Dobson V, Biglan A, Evans J, Plotsky D, Hardy RJ. Correlation of retinopathy of prematurity in fellow eyes in the cryotherapy for retinopathy of prematurity study. The Cryotherapy for Retinopathy of Prematurity Cooperative Group. Arch Ophthalmol. 1995 Apr;113(4):469-73.</citation>
    <PMID>7710397</PMID>
  </reference>
  <reference>
    <citation>Bartholomew PA; Chao J; Evans JL; Hammel AM; Trueb AL; Verness JL; Dobson V; Quinn GE; Acceptance/Use of the Teller acuity card procedure in the clinic., Am Orthoptic J 1996;46:100-106</citation>
  </reference>
  <reference>
    <citation>Cryotherapy for Retinopathy of Prematurity Cooperative Group. Multicenter trial of cryotherapy for retinopathy of prematurity. Snellen visual acuity and structural outcome at 5 1/2 years after randomization. Arch Ophthalmol. 1996 Apr;114(4):417-24.</citation>
    <PMID>8602778</PMID>
  </reference>
  <reference>
    <citation>Dobson V, Quinn GE, Abramov I, Hardy RJ, Tung B, Siatkowski RM, Phelps DL. Color vision measured with pseudoisochromatic plates at five-and-a-half years in eyes of children from the CRYO-ROP study. Invest Ophthalmol Vis Sci. 1996 Nov;37(12):2467-74.</citation>
    <PMID>8933763</PMID>
  </reference>
  <reference>
    <citation>Gilbert WS, Quinn GE, Dobson V, Reynolds J, Hardy RJ, Palmer EA. Partial retinal detachment at 3 months after threshold retinopathy of prematurity. Long-term structural and functional outcome. Multicenter Trial of Cryotherapy for Retinopathy of Prematurity Cooperative Group. Arch Ophthalmol. 1996 Sep;114(9):1085-91.</citation>
    <PMID>8790093</PMID>
  </reference>
  <reference>
    <citation>Quinn GE, Dobson V, Barr CC, Davis BR, Palmer EA, Robertson J, Summers CG, Trese MT, Tung B. Visual acuity of eyes after vitrectomy for retinopathy of prematurity: follow-up at 5 1/2 years. The Cryotherapy for Retinopathy of Prematurity Cooperative Group. Ophthalmology. 1996 Apr;103(4):595-600.</citation>
    <PMID>8618758</PMID>
  </reference>
  <reference>
    <citation>Quinn GE, Dobson V, Hardy RJ, Tung B, Phelps DL, Palmer EA. Visual fields measured with double-arc perimetry in eyes with threshold retinopathy of prematurity from the cryotherapy for retinopathy of prematurity trial. The CRYO-Retinopathy of Prematurity Cooperative Group. Ophthalmology. 1996 Sep;103(9):1432-7.</citation>
    <PMID>8841302</PMID>
  </reference>
  <reference>
    <citation>Hardy RJ, Palmer EA, Schaffer DB, Phelps DL, Davis BR, Cooper CJ. Outcome-based management of retinopathy of prematurity. Multicenter Trial of Cryotherapy for Retinopathy of prematurity Cooperative Group. J AAPOS. 1997 Mar;1(1):46-54. Erratum in: J AAPOS 1997 Sep;1(3):137.</citation>
    <PMID>10530985</PMID>
  </reference>
  <reference>
    <citation>Saunders RA, Donahue ML, Christmann LM, Pakalnis AV, Tung B, Hardy RJ, Phelps DL. Racial variation in retinopathy of prematurity. The Cryotherapy for Retinopathy of Prematurity Cooperative Group. Arch Ophthalmol. 1997 May;115(5):604-8.</citation>
    <PMID>9152127</PMID>
  </reference>
  <reference>
    <citation>Multicenter trial of cryotherapy for retinopathy of prematurity. Preliminary results. Cryotherapy for Retinopathy of Prematurity Cooperative Group. Arch Ophthalmol. 1988 Apr;106(4):471-9.</citation>
    <PMID>2895630</PMID>
  </reference>
  <verification_date>October 2003</verification_date>
  <study_first_submitted>September 23, 1999</study_first_submitted>
  <study_first_submitted_qc>September 23, 1999</study_first_submitted_qc>
  <study_first_posted type="Estimate">September 24, 1999</study_first_posted>
  <last_update_submitted>February 3, 2014</last_update_submitted>
  <last_update_submitted_qc>February 3, 2014</last_update_submitted_qc>
  <last_update_posted type="Estimate">February 4, 2014</last_update_posted>
  <condition_browse>
    <!-- CAUTION:  The following MeSH terms are assigned with an imperfect algorithm            -->
    <mesh_term>Retinal Diseases</mesh_term>
    <mesh_term>Retinopathy of Prematurity</mesh_term>
    <mesh_term>Premature Birth</mesh_term>
  </condition_browse>
  <!-- Results have not yet been posted for this study                                          -->
</clinical_study>

