<clinical_study>
  <!-- This xml conforms to an XML Schema at:
    https://clinicaltrials.gov/ct2/html/images/info/public.xsd -->
  <required_header>
    <download_date>ClinicalTrials.gov processed this data on April 27, 2021</download_date>
    <link_text>Link to the current ClinicalTrials.gov record.</link_text>
    <url>https://clinicaltrials.gov/show/NCT00000124</url>
  </required_header>
  <id_info>
    <org_study_id>NEI-23</org_study_id>
    <nct_id>NCT00000124</nct_id>
  </id_info>
  <brief_title>Collaborative Ocular Melanoma Study (COMS)</brief_title>
  <sponsors>
    <lead_sponsor>
      <agency>National Eye Institute (NEI)</agency>
      <agency_class>NIH</agency_class>
    </lead_sponsor>
  </sponsors>
  <source>National Eye Institute (NEI)</source>
  <brief_summary>
    <textblock>
      To evaluate therapeutic interventions for patients who have choroidal melanoma, the most&#xD;
      common primary eye cancer affecting adults, and to assess the potential life-preserving as&#xD;
      well as sight-preserving role of radiation therapy.&#xD;
&#xD;
      To determine which of two standard treatments, removal of the eye or brachytherapy, is more&#xD;
      likely to prolong survival of eligible patients with medium-sized choroidal melanoma.&#xD;
&#xD;
      To determine whether preoperative radiation prolongs life for patients whose eyes with large&#xD;
      choroidal melanoma are enucleated.&#xD;
    </textblock>
  </brief_summary>
  <detailed_description>
    <textblock>
      For more than 100 years, removal of the eye (enucleation) has been the standard treatment for&#xD;
      choroidal melanoma. Before the COMS was initiated in 1986, interest in radiation therapy had&#xD;
      increased because of the potential for saving the eye and perhaps some vision. However, the&#xD;
      merits of radiation with respect to prolonging patient survival were unknown. The best data&#xD;
      from nonrandomized studies suggested that there was no difference in length of remaining life&#xD;
      between patients treated with radiation and those whose eyes were enucleated. Thus, it was&#xD;
      appropriate and necessary to conduct a randomized, controlled clinical trial in which a large&#xD;
      number of patients would be followed for many years in order to compare enucleation and&#xD;
      radiation with respect to relative success in prolonging survival of choroidal melanoma&#xD;
      patients.&#xD;
&#xD;
      The Collaborative Ocular Melanoma Study (COMS) is a set of long-term, multicenter, randomized&#xD;
      controlled trials. In the trial for patients with tumors of medium size, enucleation and&#xD;
      irradiation with an iodine-125 episcleral plaque are compared on the basis of length of&#xD;
      remaining life. All randomized patients will be followed for 5 to 15 years or until death.&#xD;
      For patients randomly assigned to enucleation, the eye was removed following a standard&#xD;
      procedure. For patients assigned to plaque irradiation, the margins of the tumor were located&#xD;
      and the dimensions of the tumor were measured by the ophthalmic surgeon. A gold plaque with a&#xD;
      plastic seed carrier that contained the proper dosage and configuration of radioactive iodine&#xD;
      seeds was sutured to the outside (sclera) of the eye over the base of the tumor. This&#xD;
      procedure made possible the delivery of a high dose of radiation to a very localized area (85&#xD;
      Gy [TG-43] to the tumor apex). The plaque typically was removed from the eye after three to&#xD;
      seven days. Enrollment was completed in this trial in July 1998 with 1,317 patients enrolled.&#xD;
      Clinical follow-up of patients will end in July 2003.&#xD;
&#xD;
      In the COMS trial of preoperative radiation, patients with large tumors were randomized to&#xD;
      enucleation alone or to enucleation preceded by 20 Gy of external beam radiation. The two&#xD;
      randomly assigned groups of patients were followed for at least five years or until death and&#xD;
      have been compared on the basis of length of remaining life and other outcomes. Enrollment in&#xD;
      this trial was completed in December 1994, with 1,003 patients enrolled. Clinical follow-up&#xD;
      of all patients in this trial ended in July 2000.&#xD;
&#xD;
      Accrual to a nonrandomized pilot study to assess the feasibility of a randomized trial for&#xD;
      small tumors was halted in 1989. Additional followup of those 204 patients was carried out&#xD;
      from 1994 to 1996.&#xD;
&#xD;
      The COMS is conducted in 43 clinical centers located in major population areas of the United&#xD;
      States and Canada. Six resource centers participate and have major roles in quality assurance&#xD;
      for the study. Information gathered and analyzed includes time to death from all causes, time&#xD;
      to death from cancer (whether metastatic choroidal melanoma or not), diagnosis of other&#xD;
      tumors, complications of radiation, and changes in visual acuity. A parallel study of quality&#xD;
      of life for patients enrolled in the trial of radioactive plaque was initiated in January&#xD;
      1995. From November 1986 through July 1998, 8,712 patients with choroidal melanoma of all&#xD;
      sizes were screened for eligibility for a COMS clinical trial.&#xD;
    </textblock>
  </detailed_description>
  <overall_status>Unknown status</overall_status>
  <last_known_status>Active, not recruiting</last_known_status>
  <start_date>November 1986</start_date>
  <phase>Phase 3</phase>
  <study_type>Interventional</study_type>
  <has_expanded_access>No</has_expanded_access>
  <study_design_info>
    <allocation>Randomized</allocation>
    <primary_purpose>Treatment</primary_purpose>
  </study_design_info>
  <condition>Choroid Neoplasms</condition>
  <condition>Uveitis</condition>
  <intervention>
    <intervention_type>Procedure</intervention_type>
    <intervention_name>Brachytherapy</intervention_name>
  </intervention>
  <intervention>
    <intervention_type>Procedure</intervention_type>
    <intervention_name>Eye Removal</intervention_name>
  </intervention>
  <eligibility>
    <criteria>
      <textblock>
        Men and women eligible for the study must be age 21 or older, have primary choroidal&#xD;
        melanoma in only one eye, and have no evidence of metastatic disease. Accurate estimation&#xD;
        of tumor thickness by echography must also be possible.&#xD;
      </textblock>
    </criteria>
    <gender>All</gender>
    <minimum_age>21 Years</minimum_age>
    <maximum_age>N/A</maximum_age>
    <healthy_volunteers>No</healthy_volunteers>
  </eligibility>
  <link>
    <url>http://www.nei.nih.gov/news/pressreleases/071201.asp</url>
    <description>COMS Press Release July 12, 2001</description>
  </link>
  <link>
    <url>http://www.nei.nih.gov/news/pressreleases/coms.asp</url>
    <description>COMS Press Release June 15, 1998</description>
  </link>
  <reference>
    <citation>Byrne SF, Marsh MJ, Boldt HC, Green RL, Johnson RN, Wilson DJ. Consistency of observations from echograms made centrally in the Collaborative Ocular Melanoma Study COMS Report No. 13. Ophthalmic Epidemiol. 2002 Feb;9(1):11-27.</citation>
    <PMID>11815892</PMID>
  </reference>
  <reference>
    <citation>Collaborative Ocular Melanoma Study Group. Sociodemographic and clinical predictors of participation in two randomized trials: findings from the Collaborative Ocular Melanoma Study COMS report no. 7. Control Clin Trials. 2001 Oct;22(5):526-37.</citation>
    <PMID>11578786</PMID>
  </reference>
  <reference>
    <citation>Moy CS, Albert DM, Diener-West M, McCaffrey LD, Scully RE, Willson JK; Collaborative Ocular Melanoma Study Group, prepared by COMS Mortality Coding Committee. Cause-specific mortality coding. methods in the collaborative ocular melanoma study coms report no. 14. Control Clin Trials. 2001 Jun;22(3):248-62.</citation>
    <PMID>11384789</PMID>
  </reference>
  <reference>
    <citation>Collaborative Ocular Melanoma Study Group. Assessment of metastatic disease status at death in 435 patients with large choroidal melanoma in the Collaborative Ocular Melanoma Study (COMS): COMS report no. 15. Arch Ophthalmol. 2001 May;119(5):670-6.</citation>
    <PMID>11346394</PMID>
  </reference>
  <reference>
    <citation>Melia BM, Abramson DH, Albert DM, Boldt HC, Earle JD, Hanson WF, Montague P, Moy CS, Schachat AP, Simpson ER, Straatsma BR, Vine AK, Weingeist TA; Collaborative Ocular Melanoma Study Group. Collaborative ocular melanoma study (COMS) randomized trial of I-125 brachytherapy for medium choroidal melanoma. I. Visual acuity after 3 years COMS report no. 16. Ophthalmology. 2001 Feb;108(2):348-66.</citation>
    <PMID>11158813</PMID>
  </reference>
  <reference>
    <citation>Echography (Ultrasound) Procedures for the Collaborative Ocular Melanoma Study (COMS), Report no. 12, Part II. J Ophthalmic Nurs Technol. 1999 Sep-Oct;18(5):219-32.</citation>
    <PMID>10847049</PMID>
  </reference>
  <reference>
    <citation>Echography (ultrasound) procedures for the Collaborative Ocular Melanoma Study (COMS), Report no. 12, Part I. J Ophthalmic Nurs Technol. 1999 Jul-Aug;18(4):143-9.</citation>
    <PMID>10847038</PMID>
  </reference>
  <reference>
    <citation>Quality of life assessment in the collaborative ocular melanoma study: design and methods. COMS-QOLS Report No. 1. COMS Quality of Life Study Group. Ophthalmic Epidemiol. 1999 Mar;6(1):5-17.</citation>
    <PMID>10384680</PMID>
  </reference>
  <reference>
    <citation>The Collaborative Ocular Melanoma Study (COMS) randomized trial of pre-enucleation radiation of large choroidal melanoma III: local complications and observations following enucleation COMS report no. 11. Am J Ophthalmol. 1998 Sep;126(3):362-72.</citation>
    <PMID>9744369</PMID>
  </reference>
  <reference>
    <citation>The Collaborative Ocular Melanoma Study (COMS) randomized trial of pre-enucleation radiation of large choroidal melanoma II: initial mortality findings. COMS report no. 10. Am J Ophthalmol. 1998 Jun;125(6):779-96.</citation>
    <PMID>9645716</PMID>
  </reference>
  <reference>
    <citation>The Collaborative Ocular Melanoma Study (COMS) randomized trial of pre-enucleation radiation of large choroidal melanoma I: characteristics of patients enrolled and not enrolled. COMS report no. 9. Am J Ophthalmol. 1998 Jun;125(6):767-78.</citation>
    <PMID>9645715</PMID>
  </reference>
  <reference>
    <citation>Histopathologic characteristics of uveal melanomas in eyes enucleated from the Collaborative Ocular Melanoma Study. COMS report no. 6. Am J Ophthalmol. 1998 Jun;125(6):745-66.</citation>
    <PMID>9645714</PMID>
  </reference>
  <reference>
    <citation>Factors predictive of growth and treatment of small choroidal melanoma: COMS Report No. 5. The Collaborative Ocular Melanoma Study Group. Arch Ophthalmol. 1997 Dec;115(12):1537-44.</citation>
    <PMID>9400787</PMID>
  </reference>
  <reference>
    <citation>Grossniklaus HE, Albert DM, Green WR, Conway BP, Hovland KR. Clear cell differentiation in choroidal melanoma. COMS report no. 8. Collaborative Ocular Melanoma Study Group. Arch Ophthalmol. 1997 Jul;115(7):894-8.</citation>
    <PMID>9230830</PMID>
  </reference>
  <reference>
    <citation>Mortality in patients with small choroidal melanoma. COMS report no. 4. The Collaborative Ocular Melanoma Study Group. Arch Ophthalmol. 1997 Jul;115(7):886-93.</citation>
    <PMID>9230829</PMID>
  </reference>
  <reference>
    <citation>Wells CG, Bradford RH, Fish GE, Straatsma BR, Hawkins BS. Choroidal melanomas in American Indians. COMS Group. Collaborative Ocular Melanoma Study. Arch Ophthalmol. 1996 Aug;114(8):1017-8.</citation>
    <PMID>8694711</PMID>
  </reference>
  <reference>
    <citation>Design and methods of a clinical trial for a rare condition: the Collaborative Ocular Melanoma Study. COMS Report No. 3. Control Clin Trials. 1993 Oct;14(5):362-91.</citation>
    <PMID>8222668</PMID>
  </reference>
  <reference>
    <citation>Accuracy of diagnosis of choroidal melanomas in the Collaborative Ocular Melanoma Study. COMS report no. 1. Arch Ophthalmol. 1990 Sep;108(9):1268-73. Erratum in: Arch Ophthalmol 1990 Dec;108(12):1708.</citation>
    <PMID>2205183</PMID>
  </reference>
  <reference>
    <citation>Earle J, Kline RW, Robertson DM. Selection of iodine 125 for the Collaborative Ocular Melanoma Study. Arch Ophthalmol. 1987 Jun;105(6):763-4.</citation>
    <PMID>3579705</PMID>
  </reference>
  <reference>
    <citation>Diener-West M, Earle JD, Fine SL, Hawkins BS, Moy CS, Reynolds SM, Schachat AP, Straatsma BR; Collaborative Ocular Melanoma Study Group. The COMS randomized trial of iodine 125 brachytherapy for choroidal melanoma, III: initial mortality findings. COMS Report No. 18. Arch Ophthalmol. 2001 Jul;119(7):969-82.</citation>
    <PMID>11448319</PMID>
  </reference>
  <reference>
    <citation>Diener-West M, Earle JD, Fine SL, Hawkins BS, Moy CS, Reynolds SM, Schachat AP, Straatsma BR; Collaborative Ocular Melanoma Study Group. The COMS randomized trial of iodine 125 brachytherapy for choroidal melanoma, II: characteristics of patients enrolled and not enrolled. COMS Report No. 17. Arch Ophthalmol. 2001 Jul;119(7):951-65.</citation>
    <PMID>11448318</PMID>
  </reference>
  <verification_date>June 2002</verification_date>
  <study_first_submitted>September 23, 1999</study_first_submitted>
  <study_first_submitted_qc>September 23, 1999</study_first_submitted_qc>
  <study_first_posted type="Estimate">September 24, 1999</study_first_posted>
  <last_update_submitted>June 1, 2006</last_update_submitted>
  <last_update_submitted_qc>June 1, 2006</last_update_submitted_qc>
  <last_update_posted type="Estimate">June 2, 2006</last_update_posted>
  <keyword>Choroidal Melanoma</keyword>
  <keyword>Ocular Melanoma</keyword>
  <condition_browse>
    <!-- CAUTION:  The following MeSH terms are assigned with an imperfect algorithm            -->
    <mesh_term>Choroid Neoplasms</mesh_term>
    <mesh_term>Uveitis</mesh_term>
  </condition_browse>
  <!-- Results have not yet been posted for this study                                          -->
</clinical_study>

