<clinical_study>
  <!-- This xml conforms to an XML Schema at:
    https://clinicaltrials.gov/ct2/html/images/info/public.xsd -->
  <required_header>
    <download_date>ClinicalTrials.gov processed this data on April 27, 2021</download_date>
    <link_text>Link to the current ClinicalTrials.gov record.</link_text>
    <url>https://clinicaltrials.gov/show/NCT00000110</url>
  </required_header>
  <id_info>
    <org_study_id>NCRR-M01RR00032-0855</org_study_id>
    <secondary_id>M01RR000032</secondary_id>
    <nct_id>NCT00000110</nct_id>
  </id_info>
  <brief_title>Influence of Diet and Endurance Running on Intramuscular Lipids Measured at 4.1 TESLA</brief_title>
  <sponsors>
    <lead_sponsor>
      <agency>National Center for Research Resources (NCRR)</agency>
      <agency_class>NIH</agency_class>
    </lead_sponsor>
  </sponsors>
  <source>National Center for Research Resources (NCRR)</source>
  <brief_summary>
    <textblock>
      The purpose of this pilot investigation is to use 1 H Magnetic Resonance Spectroscopy (MRS)&#xD;
      to 1) document the change in intra-muscular lipid stores (IML) before and after a prolonged&#xD;
      bout of endurance running and, 2) determine the pattern (time course) of IML replenishment&#xD;
      following an extremely low-fat diet (10% of energy from fat) and a moderate-fat diet (35% of&#xD;
      energy from fat). Specifically, the study will evaluate the change in IML following a 2-hour&#xD;
      training run and the recovery of IML in response to the post-exercise low-fat or moderate-fat&#xD;
      diet in 10 endurance trained athletes who will consume both diets in a randomly assigned&#xD;
      cross-over fashion. We hypothesize that IML will be depleted with prolonged endurance&#xD;
      exercise, and that replenishment of IML will be impaired by an extremely low-fat diet&#xD;
      compared to a moderate-fat diet. Results of this pilot study will be used to apply for&#xD;
      extramural grant support from NIH or the US Armed Forces to investigate the effect of dietary&#xD;
      fat on the health and performance of individuals performing heavy physical training. It is&#xD;
      anticipated that this methodology could also be employed in obesity research to delineate,&#xD;
      longitudinally, the reported cross-sectional relationships among IML stores, insulin&#xD;
      resistance and obesity.&#xD;
    </textblock>
  </brief_summary>
  <overall_status>Completed</overall_status>
  <phase>N/A</phase>
  <study_type>Interventional</study_type>
  <has_expanded_access>No</has_expanded_access>
  <study_design_info>
    <primary_purpose>Treatment</primary_purpose>
    <masking>Single</masking>
  </study_design_info>
  <condition>Obesity</condition>
  <intervention>
    <intervention_type>Procedure</intervention_type>
    <intervention_name>magnetic resonance spectroscopy</intervention_name>
  </intervention>
  <intervention>
    <intervention_type>Drug</intervention_type>
    <intervention_name>dietary fat</intervention_name>
  </intervention>
  <eligibility>
    <criteria>
      <textblock>
        Inclusion Criteria:&#xD;
&#xD;
          -  Healthy volunteers (developmental phase)&#xD;
&#xD;
          -  Healthy endurance-trained subjects&#xD;
&#xD;
          -  Maximum age for males is 39&#xD;
&#xD;
          -  Maximum age for females is 49&#xD;
      </textblock>
    </criteria>
    <gender>All</gender>
    <minimum_age>18 Years</minimum_age>
    <maximum_age>49 Years</maximum_age>
    <healthy_volunteers>Accepts Healthy Volunteers</healthy_volunteers>
  </eligibility>
  <location>
    <facility>
      <name>The University of Alabama at Birmingham Nutrition Sciences Department</name>
      <address>
        <city>Birmingham</city>
        <state>Alabama</state>
        <zip>35294</zip>
        <country>United States</country>
      </address>
    </facility>
  </location>
  <location_countries>
    <country>United States</country>
  </location_countries>
  <verification_date>December 2003</verification_date>
  <study_first_submitted>January 18, 2000</study_first_submitted>
  <study_first_submitted_qc>January 18, 2000</study_first_submitted_qc>
  <study_first_posted type="Estimate">January 19, 2000</study_first_posted>
  <last_update_submitted>June 23, 2005</last_update_submitted>
  <last_update_submitted_qc>June 23, 2005</last_update_submitted_qc>
  <last_update_posted type="Estimate">June 24, 2005</last_update_posted>
  <keyword>exercise</keyword>
  <keyword>exertion</keyword>
  <keyword>physical fitness</keyword>
  <keyword>lipids</keyword>
  <keyword>nutrition</keyword>
  <!-- Results have not yet been posted for this study                                          -->
</clinical_study>

