<clinical_study>
  <!-- This xml conforms to an XML Schema at:
    https://clinicaltrials.gov/ct2/html/images/info/public.xsd -->
  <required_header>
    <download_date>ClinicalTrials.gov processed this data on April 27, 2021</download_date>
    <link_text>Link to the current ClinicalTrials.gov record.</link_text>
    <url>https://clinicaltrials.gov/show/NCT00000106</url>
  </required_header>
  <id_info>
    <org_study_id>NCRR-M01RR03186-9943</org_study_id>
    <secondary_id>M01RR003186</secondary_id>
    <nct_id>NCT00000106</nct_id>
  </id_info>
  <brief_title>41.8 Degree Centigrade Whole Body Hyperthermia for the Treatment of Rheumatoid Diseases</brief_title>
  <sponsors>
    <lead_sponsor>
      <agency>National Center for Research Resources (NCRR)</agency>
      <agency_class>NIH</agency_class>
    </lead_sponsor>
  </sponsors>
  <source>National Center for Research Resources (NCRR)</source>
  <brief_summary>
    <textblock>
      Recently a non-toxic system for whole body hyperthermia (WBH) used at the University of&#xD;
      Wisconsin has been shown to induce soluble tumor necrosis factor-receptor (sTNF-R) I and II&#xD;
      when patients are heated systemically to 41.8C for 60 minutes. This observation might provide&#xD;
      a biological basis for the therapeutic application of WBH to rheumatoid diseases, for which&#xD;
      there is a positive anecdotal clinical experience. Inherent in the hypothesis which is the&#xD;
      basis for this protocol is the concept that the induction of TNF receptors by WBH may induce&#xD;
      a remission in patients with active rheumatoid arthritis. Beyond clinical response the&#xD;
      biological endpoint for this investigation includes cytokine levels, TNF levels, sTNF-R&#xD;
      levels and changes in cellular TNF receptors.&#xD;
    </textblock>
  </brief_summary>
  <overall_status>Unknown status</overall_status>
  <last_known_status>Active, not recruiting</last_known_status>
  <phase>N/A</phase>
  <study_type>Interventional</study_type>
  <has_expanded_access>No</has_expanded_access>
  <study_design_info>
    <allocation>Randomized</allocation>
    <intervention_model>Parallel Assignment</intervention_model>
    <primary_purpose>Treatment</primary_purpose>
  </study_design_info>
  <condition>Rheumatic Diseases</condition>
  <intervention>
    <intervention_type>Device</intervention_type>
    <intervention_name>Whole body hyperthermia unit</intervention_name>
  </intervention>
  <eligibility>
    <criteria>
      <textblock>
        Inclusion Criteria:&#xD;
&#xD;
          -  Patients are required to meet the criteria of the American College of Rheumatology&#xD;
             (ACR)for rheumatoid arthritis.&#xD;
&#xD;
          -  Patients should be in functional class II, or III according to the criteria of the&#xD;
             ACR.&#xD;
&#xD;
          -  All candidates must be unsuccessfully treated (lack of efficacy) with at least two of&#xD;
             the following disease-modifying antirheumatic drugs: hydroxychloroquinine, oral or&#xD;
             injectable gold, methotrexate, azathioprine, penicillamine, and sulfasalazine.&#xD;
&#xD;
          -  Patients receiving nonsteroidal antiinflammatory drugs (NSAIDs), corticosteroids (&lt;=&#xD;
             10 mg per day), or both are eligible if the dosage has been stable for at least four&#xD;
             weeks before treatment and remained so throughout the study and follow-up period (the&#xD;
             use of narcotics for pain flares is allowed).&#xD;
&#xD;
          -  The necessary degree of disease activity at enrollment should be confirmed by a&#xD;
             finding of 10 or more swollen joints, 12 or more tender joints, and one of the&#xD;
             following two criteria: a Westergren erythrocyte sedimentation rate of at least 28 mm&#xD;
             per hour or a serum C-reactive protein level of more than 2.0 mg per deciliter; or&#xD;
             morning stiffness for at least 60 minutes.&#xD;
&#xD;
          -  Patients must have adequate bone marrow function, adequate liver function, adequate&#xD;
             renal function, calcium and electrolytes.&#xD;
&#xD;
          -  Patients must have a dobutamine stress ECHO, or exercise cardiac MUGA, or exercise&#xD;
             ECHO scan prior to entry and must fulfill certain criteria to be eligible. The spirit&#xD;
             of the criteria are to rule out organic heart disease.&#xD;
&#xD;
          -  Respiratory status: Patients who have FEV1 of &gt;= 60% of predicted, as well as a&#xD;
             maximum voluntary volume (MVV) of &gt;= 60% of predicted, and blood gases with a PO2 of&#xD;
             &gt;= 60 or oxygen saturation of &gt;= 90% are eligible.&#xD;
      </textblock>
    </criteria>
    <gender>All</gender>
    <minimum_age>18 Years</minimum_age>
    <maximum_age>65 Years</maximum_age>
    <healthy_volunteers>No</healthy_volunteers>
  </eligibility>
  <location>
    <facility>
      <name>K4/666 CSC 600 Highland Av</name>
      <address>
        <city>Madison</city>
        <state>Wisconsin</state>
        <zip>53792</zip>
        <country>United States</country>
      </address>
    </facility>
  </location>
  <location_countries>
    <country>United States</country>
  </location_countries>
  <verification_date>November 2000</verification_date>
  <study_first_submitted>January 18, 2000</study_first_submitted>
  <study_first_submitted_qc>January 18, 2000</study_first_submitted_qc>
  <study_first_posted type="Estimate">January 19, 2000</study_first_posted>
  <last_update_submitted>June 23, 2005</last_update_submitted>
  <last_update_submitted_qc>June 23, 2005</last_update_submitted_qc>
  <last_update_posted type="Estimate">June 24, 2005</last_update_posted>
  <keyword>Rheumatoid Diseases</keyword>
  <condition_browse>
    <!-- CAUTION:  The following MeSH terms are assigned with an imperfect algorithm            -->
    <mesh_term>Rheumatic Diseases</mesh_term>
    <mesh_term>Collagen Diseases</mesh_term>
  </condition_browse>
  <!-- Results have not yet been posted for this study                                          -->
</clinical_study>

